id,filename,base_sha256,sha256,changed_fields,sep_feed_mm,sep_tail_mm,overlap_start_mm,overlap_end_mm,mandrel_width_mm,jr_width_mm,package_int_height_mm,separator_width_mm,negative_width_mm,positive_width_mm,package_minus_separator_mm,package_minus_negative_mm,package_minus_positive_mm,expected_purpose,runtime_result,runtime_error_class,runtime_notes
C00,C00_SIEMENS_CONTROL_validationBattery.tbm,N/A — Siemens install reference,82aa9daa6a7e9a4218bb8eb5e3aad2fdfb299a3031deede89523715a542dffee,N/A — unmodified Siemens reference,N/A,N/A,N/A,N/A,N/A,N/A,65.11,67.11,65.11,64.11,-2.0,0.0,1.0,Environment/import-path control. Proves Robert's STAR install and Create from Tbm workflow import a known Siemens cylindrical TBM.,,,
C01,C01_FEED10.tbm,2c89d2d9a60e5be6a40ca48fcf29e1075fd67b2764e94436c7c9af1119063ea5,912db12a2183209f2ad4f49c776b176765db6b82cfa8367c532b08ddd62732c7,m_dSepFeedLength_mm: 0 -> 10,10,0,8,20,6,0,65.11,67.11,65.11,64.11,-2.0,0.0,1.0,Isolate separator feed length: feed=10 alone vs E004.,,,
C02,C02_TAIL85.tbm,2c89d2d9a60e5be6a40ca48fcf29e1075fd67b2764e94436c7c9af1119063ea5,7596ff01f4f43218ba60484b53b59cd9d52994ff8f9735d50621b27c57ad449a,m_dSepTailLength_mm: 0 -> 85,0,85,8,20,6,0,65.11,67.11,65.11,64.11,-2.0,0.0,1.0,Isolate separator tail length: tail=85 alone vs E004.,,,
C03,C03_FEED10_TAIL85.tbm,2c89d2d9a60e5be6a40ca48fcf29e1075fd67b2764e94436c7c9af1119063ea5,bf0d6c3e5c22cd3f07a48a2b57be56b1dae36f174610ed648fc36dcdacb80b53,m_dSepFeedLength_mm: 0 -> 10; m_dSepTailLength_mm: 0 -> 85,10,85,8,20,6,0,65.11,67.11,65.11,64.11,-2.0,0.0,1.0,H004-5 leading hypothesis: combined feed+tail.,,,
C04,C04_END40.tbm,2c89d2d9a60e5be6a40ca48fcf29e1075fd67b2764e94436c7c9af1119063ea5,6e737ca16035da37aa2118f700e38a004f500a17cfebff31368d72e96f82ce80,m_dElectrodeOverlapAtEnd_mm: 20 -> 40,0,0,8,40,6,0,65.11,67.11,65.11,64.11,-2.0,0.0,1.0,Isolate end-overlap influence on E004.,,,
C05,C05_FEED10_TAIL85_END40.tbm,2c89d2d9a60e5be6a40ca48fcf29e1075fd67b2764e94436c7c9af1119063ea5,90d289c9d2e6f20e2759f0dbcf1b7d4327f42bb4c7c7ba4eae0ee04f2f54e5a9,m_dSepFeedLength_mm: 0 -> 10; m_dSepTailLength_mm: 0 -> 85; m_dElectrodeOverlapAtEnd_mm: 20 -> 40,10,85,8,40,6,0,65.11,67.11,65.11,64.11,-2.0,0.0,1.0,Feed+tail+end-overlap interaction test.,,,
C06,C06_MANDRELWIDTH0.tbm,2c89d2d9a60e5be6a40ca48fcf29e1075fd67b2764e94436c7c9af1119063ea5,49f4f6f50d57db2dc3aed63ca37733ca0cdd51fe41280d7805f4dd7a5475ce36,m_dMandrelWidth_mm: 6 -> 0,0,0,8,20,0,0,65.11,67.11,65.11,64.11,-2.0,0.0,1.0,STAR round-mandrel convention: MandrelWidth=0 alone vs E004.,,,
C07,C07_FEED10_TAIL85_MANDRELWIDTH0.tbm,2c89d2d9a60e5be6a40ca48fcf29e1075fd67b2764e94436c7c9af1119063ea5,e418b2f09c0ea957d25607fe7e90df079e3e6da7b2564350eaaeffd5f06654c4,m_dSepFeedLength_mm: 0 -> 10; m_dSepTailLength_mm: 0 -> 85; m_dMandrelWidth_mm: 6 -> 0,10,85,8,20,0,0,65.11,67.11,65.11,64.11,-2.0,0.0,1.0,Feed+tail with STAR round-mandrel width convention.,,,
C08,C08_JRWIDTH65p11.tbm,2c89d2d9a60e5be6a40ca48fcf29e1075fd67b2764e94436c7c9af1119063ea5,a271bfbd6c7012bf9fb9f8543706804c0048594323f4a92047e6967a71acbc88,m_dJellyrollWidth_mm: 0 -> 65.11,0,0,8,20,6,65.11,65.11,67.11,65.11,64.11,-2.0,0.0,1.0,Low-probability probe: JellyrollWidth zero in Detailed Builder.,,,
C09,C09_FEED10_TAIL85_JRWIDTH65p11.tbm,2c89d2d9a60e5be6a40ca48fcf29e1075fd67b2764e94436c7c9af1119063ea5,364501027db55ce8974224aa20ae9b8e20a515ac10b3c9d6139dd9af18f8387e,m_dSepFeedLength_mm: 0 -> 10; m_dSepTailLength_mm: 0 -> 85; m_dJellyrollWidth_mm: 0 -> 65.11,10,85,8,20,6,65.11,65.11,67.11,65.11,64.11,-2.0,0.0,1.0,Feed+tail + JellyrollWidth interaction probe.,,,
C10,C10_STAR_BUILDER_PATTERN.tbm,2c89d2d9a60e5be6a40ca48fcf29e1075fd67b2764e94436c7c9af1119063ea5,08252a958eeacc8157d906637e3d2416d1b7baa74f4e21f7d5f87529c0ad8984,m_dSepFeedLength_mm: 0 -> 10; m_dSepTailLength_mm: 0 -> 85; m_dElectrodeOverlapAtStart_mm: 8 -> 3; m_dElectrodeOverlapAtEnd_mm: 20 -> 40; m_dMandrelWidth_mm: 6 -> 0,10,85,3,40,0,0,65.11,67.11,65.11,64.11,-2.0,0.0,1.0,Broad STAR-reference Detailed Builder pattern rescue.,,,
C11,C11_STAR_BUILDER_PATTERN_JRWIDTH65p11.tbm,2c89d2d9a60e5be6a40ca48fcf29e1075fd67b2764e94436c7c9af1119063ea5,5726c52ff9be146705f9d6ced6bf502ac03c39524ef4f8e379c85e436f2531e6,m_dSepFeedLength_mm: 0 -> 10; m_dSepTailLength_mm: 0 -> 85; m_dElectrodeOverlapAtStart_mm: 8 -> 3; m_dElectrodeOverlapAtEnd_mm: 20 -> 40; m_dMandrelWidth_mm: 6 -> 0; m_dJellyrollWidth_mm: 0 -> 65.11,10,85,3,40,0,65.11,65.11,67.11,65.11,64.11,-2.0,0.0,1.0,Maximum geometry-builder rescue: all STAR-pattern changes + explicit JR width.,,,
C12,C12_FULL_SIEMENS_DETAILED_BUILDER.tbm,2c89d2d9a60e5be6a40ca48fcf29e1075fd67b2764e94436c7c9af1119063ea5,94e0fef9b7cb4199103dd462b960be5a26f08d78a5829489c9683bfd25b31c8f,Complete Detailed Builder block replaced with Siemens validationBattery.tbm BUILDER,10,85,3,40,0,0,65.11,67.11,65.11,64.11,-2.0,0.0,1.0,"Broad localization control: full Siemens Detailed Builder in project file. If C01-C11 all fail but C12 passes, culprit is in Builder fields outside tested subset.",,,
C13,C13_SIEMENS_GEOMETRY_SHELL_PROJECT_RCR.tbm,2c89d2d9a60e5be6a40ca48fcf29e1075fd67b2764e94436c7c9af1119063ea5,606b2ccd3d774e90d25f03a55157f7f6acb1dbcdf21da9274a8fab3d06c67d8d,Siemens Physical Cell Description + Detailed Builder; project SIMMOD/MODELMAP/RCR retained,10,85,3,40,0,0,65.11,67.11,65.11,64.11,-2.0,0.0,1.0,Strongest geometry-vs-model localization control. Siemens geometry with project RCR model. If C12 passes but C13 fails: E004 involves Physical Cell Description interaction. If C13 passes: confirms E004 is localized to project Detailed Builder content.,,,
C14,C14_AXIAL_CAVITY68p11.tbm,2c89d2d9a60e5be6a40ca48fcf29e1075fd67b2764e94436c7c9af1119063ea5,4266c8907dcf1f6ad026756160a6a1e7e905c225722d89ff2f63950ad2d1e92c,Package m_dintHeight: 65.11 -> 68.11 [PCD],0,0,8,20,6,0,68.11,67.11,65.11,64.11,1.0,3.0,4.0,"Axial cavity clearance only: Package m_dintHeight 65.11->68.11 gives pkg-sep=+1, pkg-neg=+3, pkg-pos=+4 mm (Siemens margins) while retaining all electrode/separator widths. DIAGNOSTIC ONLY — not production target.",,,
C15,C15_AXIAL_CAVITY68p11_FEED10_TAIL85.tbm,2c89d2d9a60e5be6a40ca48fcf29e1075fd67b2764e94436c7c9af1119063ea5,1973b801d294163e5259cf88b218e6644ed303ca1a474aa89aa93ea74d81f1d5,Package m_dintHeight: 65.11 -> 68.11 [PCD]; m_dSepFeedLength_mm: 0 -> 10 [BUILDER]; m_dSepTailLength_mm: 0 -> 85 [BUILDER],10,85,8,20,6,0,68.11,67.11,65.11,64.11,1.0,3.0,4.0,"Axial cavity clearance + feed/tail leading hypothesis: both strongest independent geometry suspects combined. If C03 fails but C15 passes, axial package clearance participates in E004. DIAGNOSTIC ONLY.",,,
C16,C16_RECESSED_LAYERS_FIXED_CAVITY.tbm,2c89d2d9a60e5be6a40ca48fcf29e1075fd67b2764e94436c7c9af1119063ea5,711a1dad4c52cbd17c3dc72d2604f9661a4dcfb065f744431c2aa4d574c2a445,SeparatorList1_Separator m_dWidth_mm: 67.11 -> 64.11 [PCD]; +Electrode m_dWidth: 64.11 -> 61.11 [PCD]; +Electrode m_dCoatingWidth: 64.11 -> 61.11 [PCD]; +Electrode Collector m_dWidth_mm: 64.11 -> 61.11 [PCD]; -Electrode m_dWidth: 65.11 -> 62.11 [PCD]; -Electrode m_dCoatingWidth: 65.11 -> 62.11 [PCD]; -Electrode Collector m_dWidth_mm: 65.11 -> 62.11 [PCD],0,0,8,20,6,0,65.11,64.11,62.11,61.11,1.0,3.0,4.0,"Explicit layer recession inside original 65.11 mm cavity: all electrode/separator widths reduced by 3 mm so pkg-sep=+1, pkg-neg=+3, pkg-pos=+4 mm. DIAGNOSTIC ONLY — do not use for electrical equivalence assessment. Physical electrode widths alter active area and RCR mapping. Tab widths, tape widths, S1-S6, RCR data, radial geometry unchanged.",,,
C17,C17_RECESSED_LAYERS_FEED10_TAIL85.tbm,2c89d2d9a60e5be6a40ca48fcf29e1075fd67b2764e94436c7c9af1119063ea5,71292128d4fedfb9a57cbe6361115a5016be2e59e4a91d05377b61627ae0a175,SeparatorList1_Separator m_dWidth_mm: 67.11 -> 64.11 [PCD]; +Electrode m_dWidth: 64.11 -> 61.11 [PCD]; +Electrode m_dCoatingWidth: 64.11 -> 61.11 [PCD]; +Electrode Collector m_dWidth_mm: 64.11 -> 61.11 [PCD]; -Electrode m_dWidth: 65.11 -> 62.11 [PCD]; -Electrode m_dCoatingWidth: 65.11 -> 62.11 [PCD]; -Electrode Collector m_dWidth_mm: 65.11 -> 62.11 [PCD]; m_dSepFeedLength_mm: 0 -> 10 [BUILDER]; m_dSepTailLength_mm: 0 -> 85 [BUILDER],10,85,8,20,6,0,65.11,64.11,62.11,61.11,1.0,3.0,4.0,Maximum axial-recession rescue retaining original 65.11 mm package internal height: all C16 layer-width reductions plus feed=10 tail=85. DIAGNOSTIC ONLY — do not use for electrical equivalence assessment.,,,
