time,Q_sum_check_W
0.1,63.768658
0.2,12.251522
0.3,16.936649
0.4,18.719586
0.5,19.69268
0.6,19.748185
0.7,19.764531
0.8,19.685126
0.9,19.733678
1,19.784401
1.1,19.784802
1.2,19.844561
1.3,19.894051
1.4,19.897197
1.5,19.951154
1.6,19.991301
1.7,20.000641
1.8,20.047914
1.9,20.087257
2,20.092679
2.1,20.143467
2.2,20.185873
2.3,20.186993
2.4,20.235354
2.5,20.271629
2.6,20.281362
2.7,20.326044
2.8,20.359497
2.9,20.367372
3,20.410625
3.1,20.443121
3.2,20.451546
3.3,20.492993
3.4,20.524242
3.5,20.532149
3.6,20.572188
3.7,20.602347
3.8,20.610419
3.9,20.648788
4,20.677833
4.1,20.685454
4.2,20.722562
4.3,20.750571
4.4,20.758308
4.5,20.793852
4.6,20.820863
4.7,20.829734
4.8,20.861132
4.9,20.887882
5,20.892783
5.1,20.92731
5.2,20.956521
5.3,20.958953
5.4,20.991777
5.5,21.019701
5.6,21.022031
5.7,21.053625
5.8,21.080552
5.9,21.082816
6,21.113317
6.1,21.139351
6.2,21.141861
6.3,21.171182
6.4,21.196232
6.5,21.198506
6.6,21.226891
6.7,21.251101
6.8,21.253579
6.9,21.280834
7,21.30417
7.1,21.307403
7.2,21.333373
7.3,21.35564
7.4,21.357709
7.5,21.383103
7.6,21.404905
7.7,21.408163
7.8,21.432346
7.9,21.453106
8,21.455169
8.1,21.47882
8.2,21.499158
8.3,21.502324
8.4,21.524865
8.5,21.544243
8.6,21.546282
8.7,21.568338
8.8,21.587332
8.9,21.590401
9,21.611437
9.1,21.62954
9.2,21.631558
9.3,21.652147
9.4,21.669898
9.5,21.672858
9.6,21.692513
9.7,21.709448
9.8,21.711429
9.9,21.730674
10,21.747286
10.1,21.750146
10.2,21.768531
10.3,21.784387
10.4,21.786318
10.5,21.80433
10.6,21.819895
10.7,21.822642
10.8,21.839862
10.9,21.85473
11,21.857205
11.1,21.87382
11.2,21.888243
11.3,21.890638
11.4,21.906804
11.5,21.920791
11.6,21.923239
11.7,21.938829
11.8,21.952372
11.9,21.954667
12,21.969848
12.1,21.982995
12.2,21.985354
12.3,22.000002
12.4,22.012737
12.5,22.01495
12.6,22.029221
12.7,22.041591
12.8,22.043862
12.9,22.057642
13,22.069631
13.1,22.071766
13.2,22.08518
13.3,22.096843
13.4,22.099027
13.5,22.112014
13.6,22.123319
13.7,22.125377
13.8,22.138026
13.9,22.149028
14,22.15113
14.1,22.16338
14.2,22.174051
14.3,22.176024
14.4,22.187971
14.5,22.198367
14.6,22.200384
14.7,22.211957
14.8,22.222045
14.9,22.223952
15,22.235246
15.1,22.245077
15.2,22.24701
15.3,22.25796
15.4,22.267512
15.5,22.269348
15.6,22.280042
15.7,22.289354
15.8,22.291211
15.9,22.301585
16,22.310639
16.1,22.312404
16.2,22.322546
16.3,22.331381
16.4,22.333174
16.5,22.343013
16.6,22.351604
16.7,22.353304
16.8,22.362933
16.9,22.371325
17,22.373048
17.1,22.382398
17.2,22.390566
17.3,22.392208
17.4,22.401364
17.5,22.409345
17.6,22.411004
17.7,22.419897
17.8,22.427666
17.9,22.429253
18,22.437972
18.1,22.445577
18.2,22.447169
18.3,22.455645
18.4,22.463051
18.5,22.464588
18.6,22.472898
18.7,22.48015
18.8,22.481685
18.9,22.489772
19,22.496842
19.1,22.49832
19.2,22.506256
19.3,22.513184
19.4,22.514671
19.5,22.522394
19.6,22.52915
19.7,22.530579
19.8,22.538167
19.9,22.544793
20,22.546235
20.1,22.553622
20.2,22.560085
20.3,22.561469
20.4,22.568732
20.5,22.575076
20.6,22.576464
20.7,22.583537
20.8,22.589735
20.9,22.591079
21,22.598041
21.1,22.604125
21.2,22.605468
21.3,22.612249
21.4,22.618198
21.5,22.6195
21.6,22.626181
21.7,22.632023
21.8,22.633325
21.9,22.639838
22,22.645554
22.1,22.646812
22.2,22.653234
22.3,22.65885
22.4,22.660116
22.5,22.666376
22.6,22.671872
22.7,22.673094
22.8,22.679272
22.9,22.684678
23,22.685902
23.1,22.69193
23.2,22.697225
23.3,22.698417
23.4,22.704367
23.5,22.709576
23.6,22.71077
23.7,22.716578
23.8,22.72168
23.9,22.722835
24,22.728573
24.1,22.733599
24.2,22.734755
24.3,22.740361
24.4,22.745288
24.5,22.746411
24.6,22.75195
24.7,22.756805
24.8,22.757935
24.9,22.763347
25,22.768107
25.1,22.769201
25.2,22.774554
25.3,22.779248
25.4,22.780344
25.5,22.785581
25.6,22.790186
25.7,22.791255
25.8,22.796433
25.9,22.800974
26,22.802036
26.1,22.807105
26.2,22.811567
26.3,22.812605
26.4,22.817622
26.5,22.822024
26.6,22.82306
26.7,22.827972
26.8,22.832295
26.9,22.833311
27,22.838173
27.1,22.842441
27.2,22.84345
27.3,22.848214
27.4,22.852408
27.5,22.8534
27.6,22.858117
27.7,22.862259
27.8,22.863246
27.9,22.867869
28,22.871942
28.1,22.87291
28.2,22.87749
28.3,22.881515
28.4,22.882482
28.5,22.886972
28.6,22.89093
28.7,22.891874
28.8,22.896326
28.9,22.900238
29,22.90118
29.1,22.905548
29.2,22.909398
29.3,22.910323
29.4,22.914646
29.5,22.918455
29.6,22.919383
29.7,22.923631
29.8,22.927378
29.9,22.928283
30,22.932497
30.1,22.936202
30.2,22.937108
30.3,22.941244
30.4,22.944895
30.5,22.945779
30.6,22.949884
30.7,22.953495
30.8,22.954384
30.9,22.958414
31,22.96197
31.1,22.962837
31.2,22.966838
31.3,22.97036
31.4,22.971227
31.5,22.975157
31.6,22.978629
31.7,22.979484
31.8,22.983385
31.9,22.986818
32,22.987666
32.1,22.991501
32.2,22.994889
32.3,22.995723
32.4,22.999532
32.5,23.002886
32.6,23.00372
32.7,23.007463
32.8,23.010771
32.9,23.011588
33,23.015308
33.1,23.018586
33.2,23.019406
33.3,23.023062
33.4,23.026293
33.5,23.02709
33.6,23.030719
33.7,23.033925
33.8,23.034734
33.9,23.038309
34,23.041467
34.1,23.042253
34.2,23.045807
34.3,23.048937
34.4,23.049729
34.5,23.053223
34.6,23.056311
34.7,23.057081
34.8,23.060558
34.9,23.063622
35,23.064394
35.1,23.067815
35.2,23.070838
35.3,23.071594
35.4,23.074995
35.5,23.077994
35.6,23.078754
35.7,23.082101
35.8,23.085061
35.9,23.08581
36,23.089137
36.1,23.092071
36.2,23.092823
36.3,23.096098
36.4,23.098996
36.5,23.099725
36.6,23.102984
36.7,23.10586
36.8,23.106594
36.9,23.109804
37,23.112645
37.1,23.113366
37.2,23.11656
37.3,23.119377
37.4,23.120099
37.5,23.123245
37.6,23.126028
37.7,23.126732
37.8,23.129858
37.9,23.132622
38,23.133345
38.1,23.136425
38.2,23.139151
38.3,23.139844
38.4,23.142913
38.5,23.145621
38.6,23.14632
38.7,23.149342
38.8,23.152019
38.9,23.152704
39,23.155713
39.1,23.158369
39.2,23.159055
39.3,23.16202
39.4,23.164645
39.5,23.165322
39.6,23.168272
39.7,23.170879
39.8,23.171554
39.9,23.174462
40,23.177038
40.1,23.1777
40.2,23.180597
40.3,23.183155
40.4,23.183822
40.5,23.186677
40.6,23.189205
40.7,23.189859
40.8,23.192702
40.9,23.195212
41,23.195869
41.1,23.19867
41.2,23.201153
41.3,23.201793
41.4,23.204583
41.5,23.207049
41.6,23.207699
41.7,23.210448
41.8,23.212884
41.9,23.213519
42,23.216258
42.1,23.218678
42.2,23.219313
42.3,23.222016
42.4,23.22441
42.5,23.225031
42.6,23.227723
42.7,23.230101
42.8,23.230726
42.9,23.23338
43,23.235732
43.1,23.236349
43.2,23.238992
43.3,23.241327
43.4,23.241946
43.5,23.244552
43.6,23.246861
43.7,23.247464
43.8,23.250061
43.9,23.252358
44,23.252966
44.1,23.255528
44.2,23.257799
44.3,23.258393
44.4,23.260946
44.5,23.263203
44.6,23.263802
44.7,23.266319
44.8,23.268551
44.9,23.269136
45,23.271645
45.1,23.273863
45.2,23.274451
45.3,23.276927
45.4,23.279122
45.5,23.279704
45.6,23.282168
45.7,23.284348
45.8,23.284926
45.9,23.287358
46,23.289517
46.1,23.290086
46.2,23.292511
46.3,23.294656
46.4,23.295227
46.5,23.297617
46.6,23.299739
46.7,23.300301
46.8,23.302686
46.9,23.304794
47,23.305357
47.1,23.30771
47.2,23.309795
47.3,23.310351
47.4,23.312694
47.5,23.314767
47.6,23.315319
47.7,23.317632
47.8,23.319686
47.9,23.320232
48,23.322537
48.1,23.324577
48.2,23.325125
48.3,23.327399
48.4,23.329417
48.5,23.329954
48.6,23.332217
48.7,23.334227
48.8,23.334768
48.9,23.337005
49,23.338991
49.1,23.33952
49.2,23.341751
49.3,23.343725
49.4,23.34426
49.5,23.346459
49.6,23.348412
49.7,23.348939
49.8,23.351132
49.9,23.353071
50,23.353595
50.1,23.355761
50.2,23.357683
50.3,23.358195
50.4,23.360354
50.5,23.362265
50.6,23.362787
50.7,23.364916
50.8,23.366806
50.9,23.367312
51,23.369433
51.1,23.371314
51.2,23.37183
51.3,23.373925
51.4,23.375785
51.5,23.376287
51.6,23.378376
51.7,23.380226
51.8,23.380727
51.9,23.38279
52,23.384621
52.1,23.385119
52.2,23.387175
52.3,23.388996
52.4,23.389488
52.5,23.391518
52.6,23.393321
52.7,23.393808
52.8,23.395833
52.9,23.397626
53,23.398119
53.1,23.400115
53.2,23.401888
53.3,23.402369
53.4,23.404356
53.5,23.406122
53.6,23.406604
53.7,23.40857
53.8,23.410316
53.9,23.410789
54,23.412751
54.1,23.414489
54.2,23.414963
54.3,23.416899
54.4,23.418618
54.5,23.419085
54.6,23.421015
54.7,23.422724
54.8,23.423195
54.9,23.425099
55,23.42679
55.1,23.427247
55.2,23.429149
55.3,23.430832
55.4,23.431296
55.5,23.433172
55.6,23.434837
55.7,23.435288
55.8,23.437159
55.9,23.438817
56,23.439273
56.1,23.441119
56.2,23.442759
56.3,23.443207
56.4,23.445048
56.5,23.446679
56.6,23.447127
56.7,23.448945
56.8,23.450562
56.9,23.451002
57,23.45281
57.1,23.454417
57.2,23.454864
57.3,23.456654
57.4,23.458246
57.5,23.458679
57.6,23.460463
57.7,23.462044
57.8,23.462483
57.9,23.464243
58,23.465808
58.1,23.466237
58.2,23.467992
58.3,23.469551
58.4,23.469982
58.5,23.471717
58.6,23.473259
58.7,23.473683
58.8,23.475409
58.9,23.476944
59,23.477369
59.1,23.479077
59.2,23.480596
59.3,23.481014
59.4,23.482718
59.5,23.484227
59.6,23.484645
59.7,23.486326
59.8,23.487821
59.9,23.488236
60,23.48991
60.1,23.491396
60.2,23.491812
60.3,23.493468
60.4,23.49494
60.5,23.495345
60.6,23.496997
60.7,23.498461
60.8,23.498868
60.9,23.5005
61,23.501949
61.1,23.502351
61.2,23.503974
61.3,23.505418
61.4,23.505818
61.5,23.507425
61.6,23.508854
61.7,23.509247
61.8,23.510851
61.9,23.512272
62,23.512664
62.1,23.514246
62.2,23.515652
62.3,23.516048
62.4,23.51762
62.5,23.519019
62.6,23.519413
62.7,23.520971
62.8,23.522354
62.9,23.522741
63,23.524289
63.1,23.525667
63.2,23.526052
63.3,23.527587
63.4,23.528951
63.5,23.529333
63.6,23.530859
63.7,23.532215
63.8,23.532597
63.9,23.534108
64,23.53545
64.1,23.535825
64.2,23.537331
64.3,23.538666
64.4,23.539043
64.5,23.540529
64.6,23.541852
64.7,23.542218
64.8,23.543703
64.9,23.545019
65,23.545387
65.1,23.546855
65.2,23.548158
65.3,23.548523
65.4,23.549981
65.5,23.551278
65.6,23.551647
65.7,23.553089
65.8,23.554371
65.9,23.554726
66,23.556163
66.1,23.557441
66.2,23.557802
66.3,23.559225
66.4,23.56049
66.5,23.560844
66.6,23.562262
66.7,23.563519
66.8,23.563872
66.9,23.565273
67,23.566518
67.1,23.566869
67.2,23.568264
67.3,23.569502
67.4,23.569849
67.5,23.57123
67.6,23.572457
67.7,23.5728
67.8,23.574176
67.9,23.575396
68,23.575739
68.1,23.577099
68.2,23.578308
68.3,23.578652
68.4,23.580005
68.5,23.581206
68.6,23.581545
68.7,23.582883
68.8,23.584073
68.9,23.58441
69,23.585744
69.1,23.586927
69.2,23.587259
69.3,23.588577
69.4,23.589751
69.5,23.590078
69.6,23.591394
69.7,23.59256
69.8,23.592896
69.9,23.594193
70,23.595346
70.1,23.595669
70.2,23.596964
70.3,23.598114
70.4,23.598446
70.5,23.599723
70.6,23.600859
70.7,23.601179
70.8,23.602452
70.9,23.603584
71,23.603912
71.1,23.605169
71.2,23.606288
71.3,23.606604
71.4,23.60786
71.5,23.608975
71.6,23.609288
71.7,23.61053
71.8,23.611637
71.9,23.611949
72,23.613187
72.1,23.614286
72.2,23.614597
72.3,23.61582
72.4,23.616908
72.5,23.617217
72.6,23.618437
72.7,23.619519
72.8,23.619829
72.9,23.621032
73,23.622104
73.1,23.622402
73.2,23.623604
73.3,23.624671
73.4,23.624975
73.5,23.626162
73.6,23.627219
73.7,23.627524
73.8,23.628705
73.9,23.629754
74,23.63005
74.1,23.631218
74.2,23.632259
74.3,23.632561
74.4,23.633724
74.5,23.634757
74.6,23.635049
74.7,23.636201
74.8,23.637229
74.9,23.637518
75,23.638665
75.1,23.639685
75.2,23.63998
75.3,23.641114
75.4,23.642122
75.5,23.642407
75.6,23.64354
75.7,23.644544
75.8,23.644835
75.9,23.645952
76,23.646946
76.1,23.647225
76.2,23.648341
76.3,23.649331
76.4,23.649618
76.5,23.650719
76.6,23.651698
76.7,23.651975
76.8,23.653073
76.9,23.65405
77,23.654334
77.1,23.655418
77.2,23.656382
77.3,23.656652
77.4,23.657736
77.5,23.658697
77.6,23.658973
77.7,23.660041
77.8,23.660992
77.9,23.661265
78,23.66233
78.1,23.663277
78.2,23.663548
78.3,23.6646
78.4,23.665538
78.5,23.665813
78.6,23.666861
78.7,23.667794
78.8,23.668057
78.9,23.669094
79,23.670018
79.1,23.670281
79.2,23.671317
79.3,23.672236
79.4,23.672503
79.5,23.673524
79.6,23.674433
79.7,23.674696
79.8,23.675715
79.9,23.67662
80,23.676883
80.1,23.677889
80.2,23.678784
80.3,23.679042
80.4,23.680045
80.5,23.680936
80.6,23.681189
80.7,23.682183
80.8,23.683068
80.9,23.68332
81,23.684311
81.1,23.685191
81.2,23.685443
81.3,23.686422
81.4,23.687292
81.5,23.687542
81.6,23.688517
81.7,23.689383
81.8,23.689634
81.9,23.690597
82,23.691455
82.1,23.6917
82.2,23.692659
82.3,23.693514
82.4,23.693765
82.5,23.694714
82.6,23.695558
82.7,23.695796
82.8,23.696741
82.9,23.697584
83,23.697836
83.1,23.69877
83.2,23.6996
83.3,23.699836
83.4,23.700771
83.5,23.7016
83.6,23.701841
83.7,23.702761
83.8,23.703581
83.9,23.703817
84,23.704734
84.1,23.705552
84.2,23.705787
84.3,23.706697
84.4,23.707507
84.5,23.707736
84.6,23.708644
84.7,23.70945
84.8,23.70968
84.9,23.710575
85,23.711373
85.1,23.711604
85.2,23.712496
85.3,23.713289
85.4,23.713521
85.5,23.714402
85.6,23.715187
85.7,23.715412
85.8,23.716292
85.9,23.717076
86,23.7173
86.1,23.718168
86.2,23.718942
86.3,23.719169
86.4,23.720035
86.5,23.720804
86.6,23.721026
86.7,23.721882
86.8,23.722645
86.9,23.722863
87,23.723719
87.1,23.724478
87.2,23.7247
87.3,23.725543
87.4,23.726294
87.5,23.726512
87.6,23.727353
87.7,23.7281
87.8,23.728316
87.9,23.729148
88,23.72989
88.1,23.730102
88.2,23.730933
88.3,23.731671
88.4,23.731884
88.5,23.732703
88.6,23.733435
88.7,23.733647
88.8,23.734464
88.9,23.73519
89,23.7354
89.1,23.736208
89.2,23.736928
89.3,23.737135
89.4,23.737942
89.5,23.738658
89.6,23.738865
89.7,23.73966
89.8,23.740371
89.9,23.740573
90,23.741368
90.1,23.742074
90.2,23.74228
90.3,23.743064
90.4,23.743764
90.5,23.743965
90.6,23.744747
90.7,23.745442
90.8,23.745647
90.9,23.74642
91,23.747108
91.1,23.747305
91.2,23.748076
91.3,23.748763
91.4,23.748961
91.5,23.749724
91.6,23.750403
91.7,23.750599
91.8,23.751359
91.9,23.752034
92,23.752234
92.1,23.752984
92.2,23.753652
92.3,23.753847
92.4,23.754594
92.5,23.75526
92.6,23.755459
92.7,23.756197
92.8,23.756855
92.9,23.757046
93,23.757784
93.1,23.758439
93.2,23.758629
93.3,23.759358
93.4,23.760008
93.5,23.760199
93.6,23.760927
93.7,23.761574
93.8,23.761761
93.9,23.76248
94,23.76312
94.1,23.763309
94.2,23.764025
94.3,23.764662
94.4,23.764845
94.5,23.765554
94.6,23.766186
94.7,23.766368
94.8,23.767075
94.9,23.767705
95,23.767887
95.1,23.768587
95.2,23.76921
95.3,23.769391
95.4,23.770085
95.5,23.770704
95.6,23.770886
95.7,23.771575
95.8,23.772188
95.9,23.772367
96,23.773054
96.1,23.773663
96.2,23.773841
96.3,23.774519
96.4,23.775123
96.5,23.775302
96.6,23.775976
96.7,23.776577
96.8,23.776754
96.9,23.777422
97,23.778019
97.1,23.778191
97.2,23.77886
97.3,23.779453
97.4,23.779626
97.5,23.780283
97.6,23.780871
97.7,23.781042
97.8,23.781698
97.9,23.782283
98,23.782455
98.1,23.783106
98.2,23.783685
98.3,23.783855
98.4,23.784501
98.5,23.785077
98.6,23.785246
98.7,23.785886
98.8,23.786456
98.9,23.786621
99,23.787261
99.1,23.787828
99.2,23.787996
99.3,23.788626
99.4,23.78919
99.5,23.789351
99.6,23.789981
99.7,23.790541
99.8,23.790709
99.9,23.79133
100,23.791884
