"Points:0","Points:1","Points:2","T","coords:0","coords:1","coords:2"
-0.003019196447,-0.007061806973,0.01165827736,322.3569031,-0.003019196447,-0.007061806973,0.01165827736
-0.00400640117,-0.007030301262,0.01165827736,320.3252869,-0.00400640117,-0.007030301262,0.01165827736
-0.003020081669,-0.008026777767,0.01165827736,318.3696899,-0.003020081669,-0.008026777767,0.01165827736
-0.004019073676,-0.008050678298,0.01165827736,315.0826721,-0.004019073676,-0.008050678298,0.01165827736
-0.003531725379,-0.008136162534,0.01165827736,316.5445251,-0.003531725379,-0.008136162534,0.01165827736
-0.0041003027,-0.007553196512,0.01165827736,317.765686,-0.0041003027,-0.007553196512,0.01165827736
-0.002012432087,-0.007062363904,0.01165827736,323.1154785,-0.002012432087,-0.007062363904,0.01165827736
-0.002010709606,-0.00802290719,0.01165827736,319.8785706,-0.002010709606,-0.00802290719,0.01165827736
-0.002515956294,-0.008143456653,0.01165827736,317.5337219,-0.002515956294,-0.008143456653,0.01165827736
-0.001005628263,-0.007064247504,0.01165827736,323.849762,-0.001005628263,-0.007064247504,0.01165827736
-0.00100330764,-0.008024530485,0.01165827736,320.7207336,-0.00100330764,-0.008024530485,0.01165827736
-0.001505915658,-0.008125310764,0.01165827736,318.8908997,-0.001505915658,-0.008125310764,0.01165827736
-1.737739836e-07,-0.007067889906,0.01165827736,323.8354187,-1.737739836e-07,-0.007067889906,0.01165827736
-1.81170364e-07,-0.008037507534,0.01165827736,320.7373047,-1.81170364e-07,-0.008037507534,0.01165827736
-0.0005014839699,-0.008141919971,0.01165827736,319.4481201,-0.0005014839699,-0.008141919971,0.01165827736
0.001005343278,-0.007064240519,0.01165827736,323.7841797,0.001005343278,-0.007064240519,0.01165827736
0.001003218349,-0.008024478331,0.01165827736,320.7494812,0.001003218349,-0.008024478331,0.01165827736
0.0005012117326,-0.008141906932,0.01165827736,319.4772949,0.0005012117326,-0.008141906932,0.01165827736
0.002012186451,-0.007062355522,0.01165827736,322.970459,0.002012186451,-0.007062355522,0.01165827736
0.002010758268,-0.008022702299,0.01165827736,319.9656982,0.002010758268,-0.008022702299,0.01165827736
0.001506006229,-0.008125208318,0.01165827736,319.0093994,0.001506006229,-0.008125208318,0.01165827736
0.003018793184,-0.007061871234,0.01165827736,321.8221436,0.003018793184,-0.007061871234,0.01165827736
0.003019620199,-0.008026717231,0.01165827736,318.4759827,0.003019620199,-0.008026717231,0.01165827736
0.002515524393,-0.008143273182,0.01165827736,317.7526245,0.002515524393,-0.008143273182,0.01165827736
0.004005242605,-0.007030868437,0.01165827736,320.0788574,0.004005242605,-0.007030868437,0.01165827736
0.004016760737,-0.008051645011,0.01165827736,314.3382263,0.004016760737,-0.008051645011,0.01165827736
0.003530825255,-0.00813639164,0.01165827736,316.8300171,0.003530825255,-0.00813639164,0.01165827736
0.004098917358,-0.007553901989,0.01165827736,317.2506714,0.004098917358,-0.007553901989,0.01165827736
-0.00402498059,-0.006046974566,0.01165827736,323.8891602,-0.00402498059,-0.006046974566,0.01165827736
-0.004997904412,-0.006012706552,0.01165827736,321.5931396,-0.004997904412,-0.006012706552,0.01165827736
-0.005028649699,-0.007058012299,0.01165827736,316.8941956,-0.005028649699,-0.007058012299,0.01165827736
-0.005097418092,-0.006547966972,0.01165827736,319.5471191,-0.005097418092,-0.006547966972,0.01165827736
-0.004531410988,-0.007130082231,0.01165827736,318.221283,-0.004531410988,-0.007130082231,0.01165827736
-0.003019594355,-0.006051448174,0.01165827736,325.0662231,-0.003019594355,-0.006051448174,0.01165827736
-0.00201315945,-0.006053721532,0.01165827736,326.1045532,-0.00201315945,-0.006053721532,0.01165827736
-0.001006525359,-0.006055422127,0.01165827736,326.6751099,-0.001006525359,-0.006055422127,0.01165827736
-1.965864556e-07,-0.006056770217,0.01165827736,326.8581543,-1.965864556e-07,-0.006056770217,0.01165827736
0.001006156439,-0.006055384874,0.01165827736,326.6923218,0.001006156439,-0.006055384874,0.01165827736
0.002012796234,-0.006053653546,0.01165827736,326.1416931,0.002012796234,-0.006053653546,0.01165827736
0.003019184107,-0.006051395088,0.01165827736,324.8228455,0.003019184107,-0.006051395088,0.01165827736
0.004024443217,-0.006046994124,0.01165827736,323.4141235,0.004024443217,-0.006046994124,0.01165827736
0.004997096956,-0.006013067905,0.01165827736,321.3268738,0.004997096956,-0.006013067905,0.01165827736
0.005026828963,-0.007059218828,0.01165827736,316.7477722,0.005026828963,-0.007059218828,0.01165827736
0.00509628281,-0.006548677571,0.01165827736,319.1665955,0.00509628281,-0.006548677571,0.01165827736
0.004530095495,-0.007130838465,0.01165827736,318.8457336,0.004530095495,-0.007130838465,0.01165827736
-0.005033365916,-0.005031851586,0.01165827736,324.3687744,-0.005033365916,-0.005031851586,0.01165827736
-0.006016308907,-0.004995500669,0.01165827736,321.6247864,-0.006016308907,-0.004995500669,0.01165827736
-0.005987870041,-0.005986273754,0.01165827736,317.9246521,-0.005987870041,-0.005986273754,0.01165827736
-0.005514472257,-0.006096140482,0.01165827736,319.3293457,-0.005514472257,-0.006096140482,0.01165827736
-0.00610019546,-0.005512231961,0.01165827736,319.9733582,-0.00610019546,-0.005512231961,0.01165827736
-0.004027161747,-0.005037648138,0.01165827736,325.8944702,-0.004027161747,-0.005037648138,0.01165827736
-0.003020756179,-0.005041495897,0.01165827736,327.2086182,-0.003020756179,-0.005041495897,0.01165827736
-0.002013947116,-0.005044046324,0.01165827736,328.0197449,-0.002013947116,-0.005044046324,0.01165827736
-0.001007052371,-0.00504561048,0.01165827736,328.4484558,-0.001007052371,-0.00504561048,0.01165827736
-1.979974371e-07,-0.005046329461,0.01165827736,328.5858154,-1.979974371e-07,-0.005046329461,0.01165827736
0.001006671344,-0.005045518745,0.01165827736,328.4632263,0.001006671344,-0.005045518745,0.01165827736
0.002013569232,-0.005043858662,0.01165827736,328.0510254,0.002013569232,-0.005043858662,0.01165827736
0.003020395758,-0.005041203927,0.01165827736,327.2590332,0.003020395758,-0.005041203927,0.01165827736
0.004026827868,-0.005037246738,0.01165827736,325.681427,0.004026827868,-0.005037246738,0.01165827736
0.005033168476,-0.005031322129,0.01165827736,323.9179688,0.005033168476,-0.005031322129,0.01165827736
0.006015608087,-0.004995853174,0.01165827736,321.3192139,0.006015608087,-0.004995853174,0.01165827736
0.005987299606,-0.005986678414,0.01165827736,317.9306641,0.005987299606,-0.005986678414,0.01165827736
0.006099241786,-0.005512991454,0.01165827736,319.6983337,0.006099241786,-0.005512991454,0.01165827736
0.005513833836,-0.006096528843,0.01165827736,319.8418579,0.005513833836,-0.006096528843,0.01165827736
-0.00604829099,-0.004024380352,0.01165827736,323.8874817,-0.00604829099,-0.004024380352,0.01165827736
-0.007031727582,-0.004005680792,0.01165827736,320.3218079,-0.007031727582,-0.004005680792,0.01165827736
-0.007064001635,-0.005022357684,0.01165827736,316.7457581,-0.007064001635,-0.005022357684,0.01165827736
-0.006552603096,-0.005093742628,0.01165827736,319.1585388,-0.006552603096,-0.005093742628,0.01165827736
-0.007133088075,-0.004528488033,0.01165827736,318.6419983,-0.007133088075,-0.004528488033,0.01165827736
-0.005038515665,-0.004026583396,0.01165827736,325.8937378,-0.005038515665,-0.004026583396,0.01165827736
-0.004030112177,-0.004029751755,0.01165827736,327.53302,-0.004030112177,-0.004029751755,0.01165827736
-0.003022395773,-0.004032528028,0.01165827736,328.5733643,-0.003022395773,-0.004032528028,0.01165827736
-0.002014914528,-0.004034580663,0.01165827736,329.1837463,-0.002014914528,-0.004034580663,0.01165827736
-0.001007526065,-0.004035890568,0.01165827736,329.4992676,-0.001007526065,-0.004035890568,0.01165827736
-1.777910086e-07,-0.004036358092,0.01165827736,329.5993652,-1.777910086e-07,-0.004036358092,0.01165827736
0.001007185201,-0.004035751801,0.01165827736,329.5106201,0.001007185201,-0.004035751801,0.01165827736
0.002014594618,-0.004034280777,0.01165827736,329.2077942,0.002014594618,-0.004034280777,0.01165827736
0.003022131976,-0.004032039549,0.01165827736,328.6121826,0.003022131976,-0.004032039549,0.01165827736
0.004029957578,-0.004029048607,0.01165827736,327.5881042,0.004029957578,-0.004029048607,0.01165827736
0.005038510077,-0.004025680479,0.01165827736,325.6807861,0.005038510077,-0.004025680479,0.01165827736
0.006048437674,-0.00402341038,0.01165827736,323.4122925,0.006048437674,-0.00402341038,0.01165827736
0.007031538058,-0.004005424678,0.01165827736,320.0774841,0.007031538058,-0.004005424678,0.01165827736
0.00706077693,-0.005026776344,0.01165827736,316.8909302,0.00706077693,-0.005026776344,0.01165827736
0.007132138591,-0.004529471975,0.01165827736,318.296051,0.007132138591,-0.004529471975,0.01165827736
0.006551085971,-0.005095436703,0.01165827736,319.6247864,0.006551085971,-0.005095436703,0.01165827736
-0.007061932702,-0.003020890756,0.01165827736,322.0886841,-0.007061932702,-0.003020890756,0.01165827736
-0.008026197553,-0.003024164354,0.01165827736,318.1420288,-0.008026197553,-0.003024164354,0.01165827736
-0.008048477583,-0.00402441714,0.01165827736,314.7349548,-0.008048477583,-0.00402441714,0.01165827736
-0.008135251701,-0.003535465105,0.01165827736,316.8244019,-0.008135251701,-0.003535465105,0.01165827736
-0.007553472649,-0.004101159051,0.01165827736,317.3468323,-0.007553472649,-0.004101159051,0.01165827736
-0.006051868666,-0.003020143602,0.01165827736,325.0645142,-0.006051868666,-0.003020143602,0.01165827736
-0.005041848402,-0.003020856762,0.01165827736,327.2080078,-0.005041848402,-0.003020856762,0.01165827736
-0.004032669589,-0.003022402758,0.01165827736,328.5732727,-0.004032669589,-0.003022402758,0.01165827736
-0.003024093108,-0.003024172736,0.01165827736,329.3930664,-0.003024093108,-0.003024172736,0.01165827736
-0.002015948296,-0.003025596263,0.01165827736,329.856781,-0.002015948296,-0.003025596263,0.01165827736
-0.001008011401,-0.003026582533,0.01165827736,330.0897522,-0.001008011401,-0.003026582533,0.01165827736
-1.469098976e-07,-0.003026887542,0.01165827736,330.1624146,-1.469098976e-07,-0.003026887542,0.01165827736
0.00100772595,-0.003026413498,0.01165827736,330.0976868,0.00100772595,-0.003026413498,0.01165827736
0.002015700098,-0.003025229322,0.01165827736,329.8736267,0.002015700098,-0.003025229322,0.01165827736
0.003023915458,-0.003023568541,0.01165827736,329.4203491,0.003023915458,-0.003023568541,0.01165827736
0.004032622557,-0.003021527547,0.01165827736,328.6122437,0.004032622557,-0.003021527547,0.01165827736
0.005041979719,-0.003019677009,0.01165827736,327.2590332,0.005041979719,-0.003019677009,0.01165827736
0.006052239332,-0.003018641844,0.01165827736,324.8225098,0.006052239332,-0.003018641844,0.01165827736
0.007062576711,-0.003019027645,0.01165827736,321.6113586,0.007062576711,-0.003019027645,0.01165827736
0.008026611991,-0.003023180179,0.01165827736,318.0246277,0.008026611991,-0.003023180179,0.01165827736
0.008050389588,-0.004020001739,0.01165827736,315.0832214,0.008050389588,-0.004020001739,0.01165827736
0.00755366357,-0.004100319929,0.01165827736,317.7466125,0.00755366357,-0.004100319929,0.01165827736
0.008135938086,-0.003533648327,0.01165827736,316.5450439,0.008135938086,-0.003533648327,0.01165827736
-0.007062032819,-0.002014437923,0.01165827736,323.5831299,-0.007062032819,-0.002014437923,0.01165827736
-0.008022014052,-0.002014161088,0.01165827736,320.0512085,-0.008022014052,-0.002014161088,0.01165827736
-0.008142901585,-0.002519659698,0.01165827736,317.7450867,-0.008142901585,-0.002519659698,0.01165827736
-0.006053689867,-0.002014072845,0.01165827736,326.1037598,-0.006053689867,-0.002014072845,0.01165827736
-0.00504410034,-0.002014325466,0.01165827736,328.0195923,-0.00504410034,-0.002014325466,0.01165827736
-0.004034598824,-0.002015074715,0.01165827736,329.1838074,-0.004034598824,-0.002015074715,0.01165827736
-0.003025574377,-0.002016013954,0.01165827736,329.8568726,-0.003025574377,-0.002016013954,0.01165827736
-0.002016853774,-0.002017005114,0.01165827736,330.2236938,-0.002016853774,-0.002017005114,0.01165827736
-0.001008476829,-0.002017646097,0.01165827736,330.4022217,-0.001008476829,-0.002017646097,0.01165827736
-1.215261278e-07,-0.00201783306,0.01165827736,330.456604,-1.215261278e-07,-0.00201783306,0.01165827736
0.001008240622,-0.002017476829,0.01165827736,330.407135,0.001008240622,-0.002017476829,0.01165827736
0.002016669838,-0.00201663631,0.01165827736,330.2340698,0.002016669838,-0.00201663631,0.01165827736
0.003025456565,-0.002015420236,0.01165827736,329.8737793,0.003025456565,-0.002015420236,0.01165827736
0.004034608603,-0.002014196245,0.01165827736,329.2080688,0.004034608603,-0.002014196245,0.01165827736
0.005044279154,-0.002013111254,0.01165827736,328.0514526,0.005044279154,-0.002013111254,0.01165827736
0.006054123398,-0.002012456069,0.01165827736,326.142334,0.006054123398,-0.002012456069,0.01165827736
0.007062787656,-0.002012362238,0.01165827736,323.4107971,0.007062787656,-0.002012362238,0.01165827736
0.00802306179,-0.002012226265,0.01165827736,319.9759216,0.00802306179,-0.002012226265,0.01165827736
0.008144008927,-0.00251786923,0.01165827736,317.5264587,0.008144008927,-0.00251786923,0.01165827736
-0.007063992787,-0.001006698702,0.01165827736,323.8501282,-0.007063992787,-0.001006698702,0.01165827736
-0.00802408997,-0.001004875172,0.01165827736,320.75,-0.00802408997,-0.001004875172,0.01165827736
-0.008124460466,-0.001508556656,0.01165827736,319.007782,-0.008124460466,-0.001508556656,0.01165827736
-0.006055325735,-0.001007087878,0.01165827736,326.6754456,-0.006055325735,-0.001007087878,0.01165827736
-0.005045569502,-0.001007326064,0.01165827736,328.4487915,-0.005045569502,-0.001007326064,0.01165827736
-0.004035854712,-0.001007666462,0.01165827736,329.4995117,-0.004035854712,-0.001007666462,0.01165827736
-0.003026558319,-0.00100808905,0.01165827736,330.0899048,-0.003026558319,-0.00100808905,0.01165827736
-0.002017618623,-0.001008514664,0.01165827736,330.4022827,-0.002017618623,-0.001008514664,0.01165827736
-0.001008852269,-0.001008895924,0.01165827736,330.550293,-0.001008852269,-0.001008895924,0.01165827736
-1.167884918e-07,-0.001008974621,0.01165827736,330.5941772,-1.167884918e-07,-0.001008974621,0.01165827736
0.001008632826,-0.001008732128,0.01165827736,330.5526733,0.001008632826,-0.001008732128,0.01165827736
0.002017447259,-0.001008198247,0.01165827736,330.4072876,0.002017447259,-0.001008198247,0.01165827736
0.003026469843,-0.001007585321,0.01165827736,330.0979919,0.003026469843,-0.001007585321,0.01165827736
0.004035881255,-0.001006936887,0.01165827736,329.5111084,0.004035881255,-0.001006936887,0.01165827736
0.005045724101,-0.001006341772,0.01165827736,328.4638977,0.005045724101,-0.001006341772,0.01165827736
0.00605563866,-0.001005817205,0.01165827736,326.6932983,0.00605563866,-0.001005817205,0.01165827736
0.007064486854,-0.001005148049,0.01165827736,323.7848511,0.007064486854,-0.001005148049,0.01165827736
0.008024604991,-0.001003399724,0.01165827736,320.7208862,0.008024604991,-0.001003399724,0.01165827736
0.008125212975,-0.001506867935,0.01165827736,318.888855,0.008125212975,-0.001506867935,0.01165827736
-0.007067790255,-2.55136456e-07,0.01165827736,323.8370361,-0.007067790255,-2.55136456e-07,0.01165827736
-0.0080377087,-3.176443215e-07,0.01165827736,320.7401733,-0.0080377087,-3.176443215e-07,0.01165827736
-0.008141916245,-0.0005022402038,0.01165827736,319.4799194,-0.008141916245,-0.0005022402038,0.01165827736
-0.006056679878,-2.275657778e-07,0.01165827736,326.8589478,-0.006056679878,-2.275657778e-07,0.01165827736
-0.005046307109,-2.148097451e-07,0.01165827736,328.5861816,-0.005046307109,-2.148097451e-07,0.01165827736
-0.004036393948,-1.977492872e-07,0.01165827736,329.5994873,-0.004036393948,-1.977492872e-07,0.01165827736
-0.003026962746,-1.64481051e-07,0.01165827736,330.1624451,-0.003026962746,-1.64481051e-07,0.01165827736
-0.002017920604,-1.276807353e-07,0.01165827736,330.456604,-0.002017920604,-1.276807353e-07,0.01165827736
-0.001009062398,-7.586304918e-08,0.01165827736,330.5941772,-0.001009062398,-7.586304918e-08,0.01165827736
-1.381793453e-07,-4.987842317e-08,0.01165827736,330.6340332,-1.381793453e-07,-4.987842317e-08,0.01165827736
0.001008802559,2.667217203e-08,0.01165827736,330.5943604,0.001008802559,2.667217203e-08,0.01165827736
0.00201770803,9.113968957e-08,0.01165827736,330.4569702,0.00201770803,9.113968957e-08,0.01165827736
0.0030268298,1.767355542e-07,0.01165827736,330.1629333,0.0030268298,1.767355542e-07,0.01165827736
0.004036376253,2.857804589e-07,0.01165827736,329.6000671,0.004036376253,2.857804589e-07,0.01165827736
0.005046432372,4.137320957e-07,0.01165827736,328.5866699,0.005046432372,4.137320957e-07,0.01165827736
0.006056944374,5.576089279e-07,0.01165827736,326.8591919,0.006056944374,5.576089279e-07,0.01165827736
0.007068123203,6.99875045e-07,0.01165827736,323.835907,0.007068123203,6.99875045e-07,0.01165827736
0.008037926629,7.854754926e-07,0.01165827736,320.7375183,0.008037926629,7.854754926e-07,0.01165827736
0.008142258972,-0.0005010163877,0.01165827736,319.4481812,0.008142258972,-0.0005010163877,0.01165827736
-0.007063938305,0.001006330596,0.01165827736,323.7849426,-0.007063938305,0.001006330596,0.01165827736
-0.008023962379,0.001004880294,0.01165827736,320.7230835,-0.008023962379,0.001004880294,0.01165827736
-0.008141901344,0.0005017557414,0.01165827736,319.4516296,-0.008141901344,0.0005017557414,0.01165827736
-0.006055299193,0.001006705337,0.01165827736,326.6925049,-0.006055299193,0.001006705337,0.01165827736
-0.00504560722,0.001006929204,0.01165827736,328.4629822,-0.00504560722,0.001006929204,0.01165827736
-0.004035953432,0.00100728008,0.01165827736,329.5102539,-0.004035953432,0.00100728008,0.01165827736
-0.003026672872,0.001007743529,0.01165827736,330.0973511,-0.003026672872,0.001007743529,0.01165827736
-0.002017736668,0.001008233055,0.01165827736,330.4069214,-0.002017736668,0.001008233055,0.01165827736
-0.001008981955,0.001008638414,0.01165827736,330.5525513,-0.001008981955,0.001008638414,0.01165827736
-1.966945149e-07,0.001008835156,0.01165827736,330.5943298,-1.966945149e-07,0.001008835156,0.01165827736
0.001008619438,0.001008703141,0.01165827736,330.5506592,0.001008619438,0.001008703141,0.01165827736
0.002017417923,0.001008362742,0.01165827736,330.402832,0.002017417923,0.001008362742,0.01165827736
0.003026433289,0.001007921644,0.01165827736,330.0906067,0.003026433289,0.001007921644,0.01165827736
0.004035850056,0.001007472049,0.01165827736,329.5003052,0.004035850056,0.001007472049,0.01165827736
0.005045699421,0.001007105107,0.01165827736,328.4495544,0.005045699421,0.001007105107,0.01165827736
0.00605558278,0.001006855746,0.01165827736,326.6759033,0.00605558278,0.001006855746,0.01165827736
0.007064292207,0.00100651884,0.01165827736,323.8490906,0.007064292207,0.00100651884,0.01165827736
0.008024105802,0.001005289261,0.01165827736,320.7470398,0.008024105802,0.001005289261,0.01165827736
0.008142052218,0.0005026424187,0.01165827736,319.4762878,0.008142052218,0.0005026424187,0.01165827736
-0.007061856799,0.002014395082,0.01165827736,323.4095764,-0.007061856799,0.002014395082,0.01165827736
-0.008021006361,0.002016905695,0.01165827736,319.9766235,-0.008021006361,0.002016905695,0.01165827736
-0.008124022745,0.00150952884,0.01165827736,318.8917236,-0.008124022745,0.00150952884,0.01165827736
-0.006053669844,0.002013820456,0.01165827736,326.1403809,-0.006053669844,0.002013820456,0.01165827736
-0.005044188816,0.002013983438,0.01165827736,328.0495605,-0.005044188816,0.002013983438,0.01165827736
-0.004034774844,0.002014715923,0.01165827736,329.206543,-0.004034774844,0.002014715923,0.01165827736
-0.003025782295,0.002015687991,0.01165827736,329.8727417,-0.003025782295,0.002015687991,0.01165827736
-0.002017145278,0.00201663468,0.01165827736,330.2335815,-0.002017145278,0.00201663468,0.01165827736
-0.001008664956,0.002017392078,0.01165827736,330.4071045,-0.001008664956,0.002017392078,0.01165827736
-2.727731498e-07,0.002017672639,0.01165827736,330.4569702,-2.727731498e-07,0.002017672639,0.01165827736
0.001008131891,0.002017422346,0.01165827736,330.4029541,0.001008131891,0.002017422346,0.01165827736
0.002016644925,0.002016670071,0.01165827736,330.2247009,0.002016644925,0.002016670071,0.01165827736
0.003025362035,0.002015697071,0.01165827736,329.8582458,0.003025362035,0.002015697071,0.01165827736
0.004034534097,0.002014602302,0.01165827736,329.1855469,0.004034534097,0.002014602302,0.01165827736
0.005044245627,0.002013643738,0.01165827736,328.0214844,0.005044245627,0.002013643738,0.01165827736
0.006054081023,0.002013130113,0.01165827736,326.1054382,0.006054081023,0.002013130113,0.01165827736
0.00706252642,0.002013339661,0.01165827736,323.5835266,0.00706252642,0.002013339661,0.01165827736
0.008021492511,0.002015547827,0.01165827736,320.0474854,0.008021492511,0.002015547827,0.01165827736
0.008124243468,0.001509357942,0.01165827736,319.0021362,0.008124243468,0.001509357942,0.01165827736
-0.007061492186,0.00302130729,0.01165827736,321.6097412,-0.007061492186,0.00302130729,0.01165827736
-0.008025426418,0.00302558043,0.01165827736,318.0259705,-0.008025426418,0.00302558043,0.01165827736
-0.008141181432,0.002524310024,0.01165827736,317.5320129,-0.008141181432,0.002524310024,0.01165827736
-0.006051706616,0.003020197619,0.01165827736,324.8193665,-0.006051706616,0.003020197619,0.01165827736
-0.005041960161,0.003020658623,0.01165827736,327.2559509,-0.005041960161,0.003020658623,0.01165827736
-0.004032980651,0.00302207889,0.01165827736,328.6097717,-0.004032980651,0.00302207889,0.01165827736
-0.003024510806,0.003023781348,0.01165827736,329.4187012,-0.003024510806,0.003023781348,0.01165827736
-0.002016302897,0.003025283106,0.01165827736,329.8728638,-0.002016302897,0.003025283106,0.01165827736
-0.001008307445,0.003026321996,0.01165827736,330.0976868,-0.001008307445,0.003026321996,0.01165827736
-3.758907212e-07,0.00302671059,0.01165827736,330.1630249,-3.758907212e-07,0.00302671059,0.01165827736
0.001007552375,0.00302634621,0.01165827736,330.0909119,0.001007552375,0.00302634621,0.01165827736
0.00201552175,0.003025310347,0.01165827736,329.8585205,0.00201552175,0.003025310347,0.01165827736
0.003023800673,0.00302371569,0.01165827736,329.3955078,0.003023800673,0.00302371569,0.01165827736
0.004032489844,0.003021757817,0.01165827736,328.5765686,0.004032489844,0.003021757817,0.01165827736
0.00504195597,0.003019791329,0.01165827736,327.2120972,0.00504195597,0.003019791329,0.01165827736
0.006052453537,0.003018380143,0.01165827736,325.0688782,0.006052453537,0.003018380143,0.01165827736
0.007063060999,0.003018183634,0.01165827736,322.0920715,0.007063060999,0.003018183634,0.01165827736
0.008027372882,0.003020732198,0.01165827736,318.1454773,0.008027372882,0.003020732198,0.01165827736
0.008142289706,0.002521238057,0.01165827736,317.7393799,0.008142289706,0.002521238057,0.01165827736
-0.007030114997,0.004007320851,0.01165827736,320.3225098,-0.007030114997,0.004007320851,0.01165827736
-0.008049904369,0.004019689281,0.01165827736,315.0805969,-0.008049904369,0.004019689281,0.01165827736
-0.007552679162,0.004101379309,0.01165827736,317.7628784,-0.007552679162,0.004101379309,0.01165827736
-0.008135234937,0.003534524702,0.01165827736,316.5430603,-0.008135234937,0.003534524702,0.01165827736
-0.006047743373,0.004024925642,0.01165827736,323.4082947,-0.006047743373,0.004024925642,0.01165827736
-0.005038635805,0.004026579671,0.01165827736,325.6763306,-0.005038635805,0.004026579671,0.01165827736
-0.004030575044,0.004029506817,0.01165827736,327.5844727,-0.004030575044,0.004029506817,0.01165827736
-0.003022982739,0.004032179713,0.01165827736,328.6098022,-0.003022982739,0.004032179713,0.01165827736
-0.002015463542,0.004034243058,0.01165827736,329.2066956,-0.002015463542,0.004034243058,0.01165827736
-0.001007961342,0.004035602324,0.01165827736,329.5106201,-0.001007961342,0.004035602324,0.01165827736
-4.896651262e-07,0.004036155529,0.01165827736,329.6002502,-4.896651262e-07,0.004036155529,0.01165827736
0.001006943057,0.004035660531,0.01165827736,329.5009155,0.001006943057,0.004035660531,0.01165827736
0.002014353639,0.004034337122,0.01165827736,329.1862488,0.002014353639,0.004034337122,0.01165827736
0.003021846758,0.004032209981,0.01165827736,328.5770874,0.003021846758,0.004032209981,0.01165827736
0.004029634409,0.004029235803,0.01165827736,327.5383606,0.004029634409,0.004029235803,0.01165827736
0.005038377363,0.004025449511,0.01165827736,325.9010315,0.005038377363,0.004025449511,0.01165827736
0.006048934534,0.004021971487,0.01165827736,323.8950195,0.006048934534,0.004021971487,0.01165827736
0.007033759262,0.004001229536,0.01165827736,320.081604,0.007033759262,0.004001229536,0.01165827736
0.008053195663,0.004013330676,0.01165827736,314.7523804,0.008053195663,0.004013330676,0.01165827736
0.008137855679,0.003529040376,0.01165827736,316.8338928,0.008137855679,0.003529040376,0.01165827736
0.007556490134,0.004094825126,0.01165827736,317.2572632,0.007556490134,0.004094825126,0.01165827736
-0.006014327053,0.004997237585,0.01165827736,321.5900879,-0.006014327053,0.004997237585,0.01165827736
-0.007058755029,0.005028718617,0.01165827736,316.8822937,-0.007058755029,0.005028718617,0.01165827736
-0.007130013779,0.00453216536,0.01165827736,318.2155762,-0.007130013779,0.00453216536,0.01165827736
-0.006549319718,0.00509712426,0.01165827736,319.540863,-0.006549319718,0.00509712426,0.01165827736
-0.005033649039,0.005032067187,0.01165827736,323.9115601,-0.005033649039,0.005032067187,0.01165827736
-0.004027921706,0.005037442781,0.01165827736,325.6759033,-0.004027921706,0.005037442781,0.01165827736
-0.003021634417,0.005041136872,0.01165827736,327.2557068,-0.003021634417,0.005041136872,0.01165827736
-0.00201476668,0.005043666344,0.01165827736,328.049469,-0.00201476668,0.005043666344,0.01165827736
-0.001007665531,0.005045290105,0.01165827736,328.4631958,-0.001007665531,0.005045290105,0.01165827736
-5.903208375e-07,0.005046107341,0.01165827736,328.5869446,-5.903208375e-07,0.005046107341,0.01165827736
0.00100638601,0.005045424681,0.01165827736,328.450531,0.00100638601,0.005045424681,0.01165827736
0.002013259102,0.005043931305,0.01165827736,328.0228271,0.002013259102,0.005043931305,0.01165827736
0.00301992544,0.005041486584,0.01165827736,327.2131653,0.00301992544,0.005041486584,0.01165827736
0.004026182462,0.0050376812,0.01165827736,325.9011536,0.004026182462,0.0050376812,0.01165827736
0.00503251981,0.005031416658,0.01165827736,324.3777771,0.00503251981,0.005031416658,0.01165827736
0.006016126834,0.004992715549,0.01165827736,321.3319092,0.006016126834,0.004992715549,0.01165827736
0.007065629587,0.005018262658,0.01165827736,316.752533,0.007065629587,0.005018262658,0.01165827736
0.006553268991,0.005089950282,0.01165827736,319.1717834,0.006553268991,0.005089950282,0.01165827736
0.00713509554,0.00452434551,0.01165827736,318.8502197,0.00713509554,0.00452434551,0.01165827736
-0.004999165423,0.006013251375,0.01165827736,321.6219788,-0.004999165423,0.006013251375,0.01165827736
-0.005988433957,0.005986257456,0.01165827736,317.921051,-0.005988433957,0.005986257456,0.01165827736
-0.006098169368,0.005513533484,0.01165827736,319.324585,-0.006098169368,0.005513533484,0.01165827736
-0.005515746772,0.006097096018,0.01165827736,319.9702148,-0.005515746772,0.006097096018,0.01165827736
-0.004026261158,0.006046659779,0.01165827736,323.4069214,-0.004026261158,0.006046659779,0.01165827736
-0.003020894947,0.006051009987,0.01165827736,324.8182373,-0.003020894947,0.006051009987,0.01165827736
-0.002014435828,0.006053245161,0.01165827736,326.1394958,-0.002014435828,0.006053245161,0.01165827736
-0.001007372281,0.006055064034,0.01165827736,326.6921692,-0.001007372281,0.006055064034,0.01165827736
-6.302673228e-07,0.006056535523,0.01165827736,326.8595276,-6.302673228e-07,0.006056535523,0.01165827736
0.001005913364,0.006055289879,0.01165827736,326.6773987,0.001005913364,0.006055289879,0.01165827736
0.00201250799,0.006053753197,0.01165827736,326.1075745,0.00201250799,0.006053753197,0.01165827736
0.003018550575,0.006051844917,0.01165827736,325.0704346,0.003018550575,0.006051844917,0.01165827736
0.004023426678,0.006047978532,0.01165827736,323.8949585,0.004023426678,0.006047978532,0.01165827736
0.004995299503,0.006015192252,0.01165827736,321.3239136,0.004995299503,0.006015192252,0.01165827736
0.005987216718,0.00598589424,0.01165827736,317.936676,0.005987216718,0.00598589424,0.01165827736
0.005512611941,0.006098683458,0.01165827736,319.7037048,0.005512611941,0.006098683458,0.01165827736
0.006099053659,0.005509934388,0.01165827736,319.8483887,0.006099053659,0.005509934388,0.01165827736
-0.004007760435,0.007029841654,0.01165827736,320.3201904,-0.004007760435,0.007029841654,0.01165827736
-0.005029548891,0.007058490533,0.01165827736,316.7322388,-0.005029548891,0.007058490533,0.01165827736
-0.005098946393,0.006548336241,0.01165827736,319.1520386,-0.005098946393,0.006548336241,0.01165827736
-0.004532818217,0.007129782345,0.01165827736,318.6353455,-0.004532818217,0.007129782345,0.01165827736
-0.003021003678,0.007061218377,0.01165827736,321.6062622,-0.003021003678,0.007061218377,0.01165827736
-0.002014597878,0.007061698008,0.01165827736,323.4065552,-0.002014597878,0.007061698008,0.01165827736
-0.001006749109,0.007063831203,0.01165827736,323.7824402,-0.001006749109,0.007063831203,0.01165827736
-5.241482199e-07,0.007067648694,0.01165827736,323.8360901,-5.241482199e-07,0.007067648694,0.01165827736
0.001005334547,0.007064113393,0.01165827736,323.8512878,0.001005334547,0.007064113393,0.01165827736
0.0020122563,0.007062389515,0.01165827736,323.1171875,0.0020122563,0.007062389515,0.01165827736
0.003018243005,0.007062313147,0.01165827736,322.3590393,0.003018243005,0.007062313147,0.01165827736
0.004004524555,0.007031626999,0.01165827736,320.0794678,0.004004524555,0.007031626999,0.01165827736
0.00502280239,0.007062320132,0.01165827736,316.8920288,0.00502280239,0.007062320132,0.01165827736
0.004528329708,0.007132375147,0.01165827736,318.2984009,0.004528329708,0.007132375147,0.01165827736
0.005093509797,0.006551723927,0.01165827736,319.6288757,0.005093509797,0.006551723927,0.01165827736
-0.003022902645,0.008025886491,0.01165827736,318.1411438,-0.003022902645,0.008025886491,0.01165827736
-0.004019655753,0.008050150238,0.01165827736,314.7398987,-0.004019655753,0.008050150238,0.01165827736
-0.003532742616,0.008135657758,0.01165827736,316.8269348,-0.003532742616,0.008135657758,0.01165827736
-0.004101580475,0.007552568801,0.01165827736,317.3450012,-0.004101580475,0.007552568801,0.01165827736
-0.002014976693,0.008021803573,0.01165827736,320.0474854,-0.002014976693,0.008021803573,0.01165827736
-0.002520646667,0.008142281324,0.01165827736,317.7398987,-0.002520646667,0.008142281324,0.01165827736
-0.001004592865,0.008024103008,0.01165827736,320.7471619,-0.001004592865,0.008024103008,0.01165827736
-0.001508661662,0.008124561049,0.01165827736,319.0039978,-0.001508661662,0.008124561049,0.01165827736
-7.383766132e-08,0.008037318476,0.01165827736,320.7377014,-7.383766132e-08,0.008037318476,0.01165827736
-0.0005018585362,0.008141663857,0.01165827736,319.4768677,-0.0005018585362,0.008141663857,0.01165827736
0.001003773999,0.008024289273,0.01165827736,320.721344,0.001003773999,0.008024289273,0.01165827736
0.0005016054492,0.008141743019,0.01165827736,319.4494629,0.0005016054492,0.008141743019,0.01165827736
0.002012096113,0.008022416383,0.01165827736,319.8769531,0.002012096113,0.008022416383,0.01165827736
0.001507063862,0.008124922402,0.01165827736,318.8897095,0.001507063862,0.008124922402,0.01165827736
0.003018764779,0.008027120493,0.01165827736,318.3682251,0.003018764779,0.008027120493,0.01165827736
0.002516480628,0.008143260144,0.01165827736,317.5318604,0.002516480628,0.008143260144,0.01165827736
0.004019532353,0.008050209843,0.01165827736,315.0751038,0.004019532353,0.008050209843,0.01165827736
0.003531831549,0.008135838434,0.01165827736,316.5384521,0.003531831549,0.008135838434,0.01165827736
0.004099434707,0.007553928997,0.01165827736,317.7458496,0.004099434707,0.007553928997,0.01165827736
-0.002381762257,-0.009326350875,0.01165827736,311.6223755,-0.002381762257,-0.009326350875,0.01165827736
-0.002643482992,-0.009246651083,0.01165827736,312.7253418,-0.002643482992,-0.009246651083,0.01165827736
-0.001962644514,-0.009423666634,0.01165827736,311.8582458,-0.001962644514,-0.009423666634,0.01165827736
-0.002003265545,-0.009029023349,0.01165827736,313.0236816,-0.002003265545,-0.009029023349,0.01165827736
-0.001494525815,-0.009507568553,0.01165827736,312.4171753,-0.001494525815,-0.009507568553,0.01165827736
-0.001500143437,-0.009032538161,0.01165827736,314.087738,-0.001500143437,-0.009032538161,0.01165827736
-0.0009998821188,-0.009571178816,0.01165827736,312.6334534,-0.0009998821188,-0.009571178816,0.01165827736
-0.001000461401,-0.009068224579,0.01165827736,313.849823,-0.001000461401,-0.009068224579,0.01165827736
-0.0004999958328,-0.009609716013,0.01165827736,312.7360535,-0.0004999958328,-0.009609716013,0.01165827736
-0.0005004720879,-0.009097417817,0.01165827736,314.4779663,-0.0005004720879,-0.009097417817,0.01165827736
-9.298124155e-07,-0.009622460231,0.01165827736,312.7736511,-9.298124155e-07,-0.009622460231,0.01165827736
-5.344863894e-07,-0.009107931517,0.01165827736,313.9924927,-5.344863894e-07,-0.009107931517,0.01165827736
0.0004994766787,-0.009609739296,0.01165827736,312.7562866,0.0004994766787,-0.009609739296,0.01165827736
0.0004998996155,-0.00909742061,0.01165827736,314.4711609,0.0004998996155,-0.00909742061,0.01165827736
0.001000604127,-0.009571154602,0.01165827736,312.6767578,0.001000604127,-0.009571154602,0.01165827736
0.001000388991,-0.009068210609,0.01165827736,313.8250427,0.001000388991,-0.009068210609,0.01165827736
0.00149477832,-0.009507562034,0.01165827736,312.5048523,0.00149477832,-0.009507562034,0.01165827736
0.001500326325,-0.009032511152,0.01165827736,314.0512085,0.001500326325,-0.009032511152,0.01165827736
0.001959529705,-0.009424843825,0.01165827736,312.1014404,0.001959529705,-0.009424843825,0.01165827736
0.002002256457,-0.009029789828,0.01165827736,312.8905334,0.002002256457,-0.009029789828,0.01165827736
0.002378006233,-0.009329563007,0.01165827736,311.638916,0.002378006233,-0.009329563007,0.01165827736
0.002639548155,-0.009249646217,0.01165827736,312.9483643,0.002639548155,-0.009249646217,0.01165827736
-0.005124398507,-0.008145828731,0.01165827736,312.00177,-0.005124398507,-0.008145828731,0.01165827736
-0.00451840926,-0.008035528474,0.01165827736,312.7680969,-0.00451840926,-0.008035528474,0.01165827736
-0.004841988441,-0.008317567408,0.01165827736,311.3779297,-0.004841988441,-0.008317567408,0.01165827736
-0.004503676668,-0.008504546247,0.01165827736,311.8684082,-0.004503676668,-0.008504546247,0.01165827736
-0.004137069453,-0.008688159287,0.01165827736,312.4815369,-0.004137069453,-0.008688159287,0.01165827736
-0.0038679305,-0.008811160922,0.01165827736,311.5101318,-0.0038679305,-0.008811160922,0.01165827736
-0.003473806428,-0.00897391513,0.01165827736,311.9183655,-0.003473806428,-0.00897391513,0.01165827736
-0.003510102397,-0.008541591465,0.01165827736,313.6048889,-0.003510102397,-0.008541591465,0.01165827736
-0.0030168097,-0.00858287327,0.01165827736,313.973999,-0.0030168097,-0.00858287327,0.01165827736
-0.003046551021,-0.009126964957,0.01165827736,312.5463867,-0.003046551021,-0.009126964957,0.01165827736
-0.002517965855,-0.008598036133,0.01165827736,315.3588867,-0.002517965855,-0.008598036133,0.01165827736
-0.002009070478,-0.00856159348,0.01165827736,315.7394104,-0.002009070478,-0.00856159348,0.01165827736
0.002008910989,-0.008561614901,0.01165827736,315.6422729,0.002008910989,-0.008561614901,0.01165827736
0.00251657702,-0.008598316461,0.01165827736,315.1826477,0.00251657702,-0.008598316461,0.01165827736
0.003015803872,-0.008582807146,0.01165827736,313.846283,0.003015803872,-0.008582807146,0.01165827736
0.003044023179,-0.009126379155,0.01165827736,312.5392456,0.003044023179,-0.009126379155,0.01165827736
0.003475628793,-0.008973311633,0.01165827736,311.908905,0.003475628793,-0.008973311633,0.01165827736
0.003509157104,-0.00854215119,0.01165827736,313.2506714,0.003509157104,-0.00854215119,0.01165827736
0.004130664282,-0.00869133044,0.01165827736,312.2272949,0.004130664282,-0.00869133044,0.01165827736
0.003848013002,-0.008819935843,0.01165827736,311.4984436,0.003848013002,-0.008819935843,0.01165827736
0.004504249431,-0.008504233323,0.01165827736,312.0239868,0.004504249431,-0.008504233323,0.01165827736
0.004517211113,-0.008036219515,0.01165827736,313.1829529,0.004517211113,-0.008036219515,0.01165827736
0.004854926374,-0.008309699595,0.01165827736,311.3800354,0.004854926374,-0.008309699595,0.01165827736
0.00512123527,-0.008147751912,0.01165827736,312.0057678,0.00512123527,-0.008147751912,0.01165827736
-0.006285702344,-0.007287564222,0.01165827736,311.6343689,-0.006285702344,-0.007287564222,0.01165827736
-0.006548035424,-0.00705351308,0.01165827736,312.2846069,-0.006548035424,-0.00705351308,0.01165827736
-0.006002590992,-0.007521283813,0.01165827736,311.9011841,-0.006002590992,-0.007521283813,0.01165827736
-0.00599174574,-0.007006542757,0.01165827736,313.049408,-0.00599174574,-0.007006542757,0.01165827736
-0.00570491422,-0.007749024313,0.01165827736,312.5316772,-0.00570491422,-0.007749024313,0.01165827736
-0.005049368832,-0.007581336424,0.01165827736,313.6715698,-0.005049368832,-0.007581336424,0.01165827736
-0.0054302793,-0.007944197394,0.01165827736,311.3113403,-0.0054302793,-0.007944197394,0.01165827736
-0.005542378873,-0.007074096706,0.01165827736,314.6307983,-0.005542378873,-0.007074096706,0.01165827736
0.005046175327,-0.007583586499,0.01165827736,313.3253784,0.005046175327,-0.007583586499,0.01165827736
0.005433188286,-0.007942241617,0.01165827736,311.3187866,0.005433188286,-0.007942241617,0.01165827736
0.00569798518,-0.007754155435,0.01165827736,312.5654907,0.00569798518,-0.007754155435,0.01165827736
0.005540125072,-0.007075886708,0.01165827736,314.6343994,0.005540125072,-0.007075886708,0.01165827736
0.006008235738,-0.007516691461,0.01165827736,312.1702271,0.006008235738,-0.007516691461,0.01165827736
0.005992708262,-0.007005773019,0.01165827736,312.8942871,0.005992708262,-0.007005773019,0.01165827736
0.006287684198,-0.007285796106,0.01165827736,311.6437073,0.006287684198,-0.007285796106,0.01165827736
0.006547026802,-0.007054412737,0.01165827736,312.4179688,0.006547026802,-0.007054412737,0.01165827736
-0.007278260309,-0.006294804625,0.01165827736,311.6331482,-0.007278260309,-0.006294804625,0.01165827736
-0.007518747356,-0.006006567273,0.01165827736,312.0308228,-0.007518747356,-0.006006567273,0.01165827736
-0.007051479071,-0.006547526456,0.01165827736,312.0527039,-0.007051479071,-0.006547526456,0.01165827736
-0.007007219829,-0.00599084422,0.01165827736,313.2469482,-0.007007219829,-0.00599084422,0.01165827736
-0.006805585232,-0.006803602446,0.01165827736,311.7797852,-0.006805585232,-0.006803602446,0.01165827736
-0.006467536557,-0.006468023174,0.01165827736,313.5890503,-0.006467536557,-0.006468023174,0.01165827736
-0.005994166713,-0.006502273958,0.01165827736,315.5174255,-0.005994166713,-0.006502273958,0.01165827736
-0.006505433936,-0.005994225387,0.01165827736,315.533783,-0.006505433936,-0.005994225387,0.01165827736
0.005994121078,-0.006502404343,0.01165827736,315.2414856,0.005994121078,-0.006502404343,0.01165827736
0.006467144471,-0.006468395237,0.01165827736,313.6289062,0.006467144471,-0.006468395237,0.01165827736
0.007051135879,-0.006547893863,0.01165827736,312.4130859,0.007051135879,-0.006547893863,0.01165827736
0.006806517486,-0.006802691147,0.01165827736,311.7796326,0.006806517486,-0.006802691147,0.01165827736
0.006504236255,-0.00599533692,0.01165827736,315.5159912,0.006504236255,-0.00599533692,0.01165827736
0.00700514717,-0.005993532017,0.01165827736,312.8847656,0.00700514717,-0.005993532017,0.01165827736
0.007276449818,-0.006296929438,0.01165827736,311.629425,0.007276449818,-0.006296929438,0.01165827736
0.007516724057,-0.006009173114,0.01165827736,312.1616211,0.007516724057,-0.006009173114,0.01165827736
-0.007084313314,-0.005529696587,0.01165827736,314.6306458,-0.007084313314,-0.005529696587,0.01165827736
-0.007773441728,-0.00567357894,0.01165827736,312.563385,-0.007773441728,-0.00567357894,0.01165827736
-0.008142772131,-0.005127623212,0.01165827736,312.0022888,-0.008142772131,-0.005127623212,0.01165827736
-0.007588351611,-0.005040575285,0.01165827736,313.3240967,-0.007588351611,-0.005040575285,0.01165827736
-0.007946583442,-0.005428288598,0.01165827736,311.313324,-0.007946583442,-0.005428288598,0.01165827736
0.007075225934,-0.005542695057,0.01165827736,314.3117065,0.007075225934,-0.005542695057,0.01165827736
0.007746777963,-0.00571135385,0.01165827736,312.5586853,0.007746777963,-0.00571135385,0.01165827736
0.007583057042,-0.0050473148,0.01165827736,313.6679688,0.007583057042,-0.0050473148,0.01165827736
0.00794066675,-0.005436671898,0.01165827736,311.308075,0.00794066675,-0.005436671898,0.01165827736
0.008149928413,-0.005116435234,0.01165827736,312.0036926,0.008149928413,-0.005116435234,0.01165827736
-0.008505120873,-0.004501393065,0.01165827736,311.8667297,-0.008505120873,-0.004501393065,0.01165827736
-0.008034710772,-0.004519031383,0.01165827736,313.0795593,-0.008034710772,-0.004519031383,0.01165827736
-0.008307081647,-0.004856710788,0.01165827736,311.3773499,-0.008307081647,-0.004856710788,0.01165827736
-0.008682488464,-0.004149969667,0.01165827736,312.2433472,-0.008682488464,-0.004149969667,0.01165827736
0.008036280982,-0.004516496323,0.01165827736,312.7709351,0.008036280982,-0.004516496323,0.01165827736
0.008303551935,-0.004862825386,0.01165827736,311.3893433,0.008303551935,-0.004862825386,0.01165827736
0.008504354395,-0.004502871539,0.01165827736,311.8746643,0.008504354395,-0.004502871539,0.01165827736
0.008688518777,-0.004136446398,0.01165827736,312.4820557,0.008688518777,-0.004136446398,0.01165827736
-0.008824246004,-0.003843340091,0.01165827736,311.472229,-0.008824246004,-0.003843340091,0.01165827736
-0.008975742385,-0.003472620854,0.01165827736,311.8988647,-0.008975742385,-0.003472620854,0.01165827736
-0.008540922776,-0.003513965756,0.01165827736,313.2431946,-0.008540922776,-0.003513965756,0.01165827736
-0.009127477184,-0.003050639061,0.01165827736,312.5367432,-0.009127477184,-0.003050639061,0.01165827736
-0.00858266186,-0.003021439537,0.01165827736,313.8423157,-0.00858266186,-0.003021439537,0.01165827736
0.008542119525,-0.003511276096,0.01165827736,313.6043091,0.008542119525,-0.003511276096,0.01165827736
0.008975469507,-0.003473562421,0.01165827736,311.9166565,0.008975469507,-0.003473562421,0.01165827736
0.008813853376,-0.003865815001,0.01165827736,311.5073853,0.008813853376,-0.003865815001,0.01165827736
0.008582124487,-0.00302316458,0.01165827736,313.9593201,0.008582124487,-0.00302316458,0.01165827736
0.009121684358,-0.003062807955,0.01165827736,312.5267639,0.009121684358,-0.003062807955,0.01165827736
-0.00932766404,-0.002380495658,0.01165827736,311.6332703,-0.00932766404,-0.002380495658,0.01165827736
-0.009419709444,-0.001966583543,0.01165827736,311.979187,-0.009419709444,-0.001966583543,0.01165827736
-0.009250927716,-0.002639618237,0.01165827736,312.5088806,-0.009250927716,-0.002639618237,0.01165827736
-0.00902779866,-0.002005654154,0.01165827736,313.3132019,-0.00902779866,-0.002005654154,0.01165827736
-0.008598640561,-0.002519870875,0.01165827736,314.9413757,-0.008598640561,-0.002519870875,0.01165827736
-0.008560701273,-0.002012312878,0.01165827736,315.9434814,-0.008560701273,-0.002012312878,0.01165827736
0.008600070141,-0.002518527675,0.01165827736,315.346344,0.008600070141,-0.002518527675,0.01165827736
0.009251158684,-0.002636164427,0.01165827736,312.9346313,0.009251158684,-0.002636164427,0.01165827736
0.008562020957,-0.002010651166,0.01165827736,315.7361145,0.008562020957,-0.002010651166,0.01165827736
0.00903007295,-0.002004273934,0.01165827736,312.8887024,0.00903007295,-0.002004273934,0.01165827736
0.009325982071,-0.002388859401,0.01165827736,311.6439514,0.009325982071,-0.002388859401,0.01165827736
0.009423102252,-0.001964718103,0.01165827736,312.097229,0.009423102252,-0.001964718103,0.01165827736
-0.009031144902,-0.00150208117,0.01165827736,313.6314697,-0.009031144902,-0.00150208117,0.01165827736
-0.009505663998,-0.0014956987,0.01165827736,312.4580688,-0.009505663998,-0.0014956987,0.01165827736
-0.009570779279,-0.001000669668,0.01165827736,312.65625,-0.009570779279,-0.001000669668,0.01165827736
-0.00906785205,-0.001001390279,0.01165827736,314.4072266,-0.00906785205,-0.001001390279,0.01165827736
0.009031466208,-0.001501669991,0.01165827736,313.8638306,0.009031466208,-0.001501669991,0.01165827736
0.009505472146,-0.001496669371,0.01165827736,312.4554749,0.009505472146,-0.001496669371,0.01165827736
0.009068041109,-0.001000187243,0.01165827736,314.4506836,0.009068041109,-0.001000187243,0.01165827736
0.009570877999,-0.0009991837433,0.01165827736,312.653656,0.009570877999,-0.0009991837433,0.01165827736
-0.009098144248,-0.0005005454295,0.01165827736,314.0397339,-0.009098144248,-0.0005005454295,0.01165827736
-0.009610821493,-0.0004994164919,0.01165827736,312.7512512,-0.009610821493,-0.0004994164919,0.01165827736
-0.009624976665,-1.045732688e-06,0.01165827736,312.7805786,-0.009624976665,-1.045732688e-06,0.01165827736
-0.009109456092,-6.529817256e-07,0.01165827736,314.6078491,-0.009109456092,-6.529817256e-07,0.01165827736
0.009098209441,-0.0005000668461,0.01165827736,314.0522461,0.009098209441,-0.0005000668461,0.01165827736
0.009610801935,-0.0004997029318,0.01165827736,312.7489624,0.009610801935,-0.0004997029318,0.01165827736
0.009109460749,7.515538982e-07,0.01165827736,314.6051636,0.009109460749,7.515538982e-07,0.01165827736
0.00962498039,8.504609923e-07,0.01165827736,312.7780151,0.00962498039,8.504609923e-07,0.01165827736
-0.009098141454,0.0004998931545,0.01165827736,314.0548706,-0.009098141454,0.0004998931545,0.01165827736
-0.009610801935,0.0004994548508,0.01165827736,312.751709,-0.009610801935,0.0004994548508,0.01165827736
-0.00957077276,0.001000547549,0.01165827736,312.6600342,-0.00957077276,0.001000547549,0.01165827736
-0.009067733772,0.001001331024,0.01165827736,314.4550171,-0.009067733772,0.001001331024,0.01165827736
0.009098066017,0.0005014635972,0.01165827736,314.0377808,0.009098066017,0.0005014635972,0.01165827736
0.009610614739,0.0005020097014,0.01165827736,312.7496338,0.009610614739,0.0005020097014,0.01165827736
0.009067744017,0.001001376077,0.01165827736,314.4023132,0.009067744017,0.001001376077,0.01165827736
0.009570913389,0.000998975127,0.01165827736,312.6517334,0.009570913389,0.000998975127,0.01165827736
-0.009030581452,0.001503663021,0.01165827736,313.7046509,-0.009030581452,0.001503663021,0.01165827736
-0.009505797178,0.001495890087,0.01165827736,312.4693909,-0.009505797178,0.001495890087,0.01165827736
-0.009420827031,0.00196393067,0.01165827736,311.9793701,-0.009420827031,0.00196393067,0.01165827736
-0.009024905972,0.002013534773,0.01165827736,313.5653992,-0.009024905972,0.002013534773,0.01165827736
0.009030496702,0.001504296204,0.01165827736,313.6223145,0.009030496702,0.001504296204,0.01165827736
0.009505324066,0.001498107798,0.01165827736,312.4498596,0.009505324066,0.001498107798,0.01165827736
0.009025868028,0.00201149052,0.01165827736,313.1646118,0.009025868028,0.00201149052,0.01165827736
0.009422358125,0.001960832393,0.01165827736,311.9432373,0.009422358125,0.001960832393,0.01165827736
-0.009238019586,0.002676567994,0.01165827736,312.7183533,-0.009238019586,0.002676567994,0.01165827736
-0.009329793043,0.002375061391,0.01165827736,311.6167908,-0.009329793043,0.002375061391,0.01165827736
-0.008558843285,0.002017597202,0.01165827736,315.8477783,-0.008558843285,0.002017597202,0.01165827736
-0.008593976498,0.002533306833,0.01165827736,315.3535461,-0.008593976498,0.002533306833,0.01165827736
-0.009128287435,0.003048415063,0.01165827736,312.5500488,-0.009128287435,0.003048415063,0.01165827736
-0.008582062088,0.003022883553,0.01165827736,313.9759216,-0.008582062088,0.003022883553,0.01165827736
0.008559333161,0.002016097307,0.01165827736,315.6144104,0.008559333161,0.002016097307,0.01165827736
0.008595410734,0.002529281424,0.01165827736,315.1648865,0.008595410734,0.002529281424,0.01165827736
0.009241129272,0.002671111608,0.01165827736,312.6886597,0.009241129272,0.002671111608,0.01165827736
0.00858404953,0.003016149858,0.01165827736,313.8425598,0.00858404953,0.003016149858,0.01165827736
0.009128773585,0.003038955387,0.01165827736,312.5352783,0.009128773585,0.003038955387,0.01165827736
0.009327418171,0.002368266694,0.01165827736,311.5693054,0.009327418171,0.002368266694,0.01165827736
-0.008974191733,0.003476802725,0.01165827736,311.9220581,-0.008974191733,0.003476802725,0.01165827736
-0.008541769348,0.003512443742,0.01165827736,313.6062317,-0.008541769348,0.003512443742,0.01165827736
-0.008812371641,0.003869170556,0.01165827736,311.5124817,-0.008812371641,0.003869170556,0.01165827736
-0.008689382114,0.004134847783,0.01165827736,312.4820557,-0.008689382114,0.004134847783,0.01165827736
0.008543902077,0.003507442772,0.01165827736,313.2635498,0.008543902077,0.003507442772,0.01165827736
0.008974747732,0.003476071404,0.01165827736,311.9208984,0.008974747732,0.003476071404,0.01165827736
0.008692719974,0.004127323627,0.01165827736,312.2758484,0.008692719974,0.004127323627,0.01165827736
0.008811503649,0.003871796187,0.01165827736,311.5276794,0.008811503649,0.003871796187,0.01165827736
-0.008034562692,0.00451903278,0.01165827736,312.6729431,-0.008034562692,0.00451903278,0.01165827736
-0.008504714817,0.004502176773,0.01165827736,311.8654175,-0.008504714817,0.004502176773,0.01165827736
-0.008313432336,0.004845713265,0.01165827736,311.3721313,-0.008313432336,0.004845713265,0.01165827736
-0.008143462241,0.005126543343,0.01165827736,312.3226929,-0.008143462241,0.005126543343,0.01165827736
0.008036136627,0.004516432062,0.01165827736,313.0929565,0.008036136627,0.004516432062,0.01165827736
0.008503744379,0.004504059907,0.01165827736,311.8806763,0.008503744379,0.004504059907,0.01165827736
0.008145419881,0.005123490468,0.01165827736,312.0158997,0.008145419881,0.005123490468,0.01165827736
0.008310246281,0.004851249047,0.01165827736,311.393158,0.008310246281,0.004851249047,0.01165827736
-0.007940177806,0.005437364802,0.01165827736,311.3017883,-0.007940177806,0.005437364802,0.01165827736
-0.007581826765,0.005049393978,0.01165827736,313.7098694,-0.007581826765,0.005049393978,0.01165827736
-0.007755814586,0.005698551424,0.01165827736,312.5515747,-0.007755814586,0.005698551424,0.01165827736
-0.007076426409,0.005540874787,0.01165827736,314.140564,-0.007076426409,0.005540874787,0.01165827736
-0.007521963678,0.006002425216,0.01165827736,312.0345459,-0.007521963678,0.006002425216,0.01165827736
-0.007007223088,0.005990623031,0.01165827736,313.6209412,-0.007007223088,0.005990623031,0.01165827736
0.007084990852,0.005527722184,0.01165827736,314.6387939,0.007084990852,0.005527722184,0.01165827736
0.007590608671,0.005036997609,0.01165827736,313.3320312,0.007590608671,0.005036997609,0.01165827736
0.007772933226,0.005674293265,0.01165827736,312.5687561,0.007772933226,0.005674293265,0.01165827736
0.007941011339,0.005436170381,0.01165827736,311.3249207,0.007941011339,0.005436170381,0.01165827736
0.007005454041,0.005992089864,0.01165827736,313.2112427,0.007005454041,0.005992089864,0.01165827736
0.00751714455,0.006008632015,0.01165827736,312.0406494,0.00751714455,0.006008632015,0.01165827736
-0.007052513771,0.006546418648,0.01165827736,312.2839661,-0.007052513771,0.006546418648,0.01165827736
-0.007261137478,0.006314899772,0.01165827736,311.6416016,-0.007261137478,0.006314899772,0.01165827736
-0.006504048128,0.005993355997,0.01165827736,315.5445862,-0.006504048128,0.005993355997,0.01165827736
-0.006469329353,0.006466462277,0.01165827736,313.6216431,-0.006469329353,0.006466462277,0.01165827736
-0.005996438675,0.006502997596,0.01165827736,315.2184448,-0.005996438675,0.006502997596,0.01165827736
-0.006799655501,0.006809398532,0.01165827736,311.7709656,-0.006799655501,0.006809398532,0.01165827736
-0.006551126018,0.007050755434,0.01165827736,312.2731934,-0.006551126018,0.007050755434,0.01165827736
-0.005992966238,0.007005930878,0.01165827736,313.6113586,-0.005992966238,0.007005930878,0.01165827736
0.005994718056,0.006504761521,0.01165827736,315.5181274,0.005994718056,0.006504761521,0.01165827736
0.006502901204,0.005992543884,0.01165827736,315.247406,0.006502901204,0.005992543884,0.01165827736
0.00646717241,0.006468342151,0.01165827736,313.6288757,0.00646717241,0.006468342151,0.01165827736
0.007047398947,0.006551895291,0.01165827736,312.289856,0.007047398947,0.006551895291,0.01165827736
0.005992248654,0.007006429601,0.01165827736,313.1969299,0.005992248654,0.007006429601,0.01165827736
0.006550154183,0.007051622495,0.01165827736,312.278656,0.006550154183,0.007051622495,0.01165827736
0.006802455522,0.006806661375,0.01165827736,311.7729187,0.006802455522,0.006806661375,0.01165827736
0.00728840474,0.006282899994,0.01165827736,311.647583,0.00728840474,0.006282899994,0.01165827736
-0.006003207061,0.007520782296,0.01165827736,312.0209961,-0.006003207061,0.007520782296,0.01165827736
-0.006280455273,0.007292245515,0.01165827736,311.6191406,-0.006280455273,0.007292245515,0.01165827736
-0.005540733226,0.007075760979,0.01165827736,314.5223999,-0.005540733226,0.007075760979,0.01165827736
-0.00569621427,0.007755466737,0.01165827736,312.5500488,-0.00569621427,0.007755466737,0.01165827736
-0.005049189553,0.007581924554,0.01165827736,313.3103027,-0.005049189553,0.007581924554,0.01165827736
-0.005435511004,0.007940679789,0.01165827736,311.3044128,-0.005435511004,0.007940679789,0.01165827736
-0.005127737764,0.008143797517,0.01165827736,312.3199463,-0.005127737764,0.008143797517,0.01165827736
0.005042162258,0.007586910855,0.01165827736,313.6669006,0.005042162258,0.007586910855,0.01165827736
0.005532884039,0.007081447635,0.01165827736,314.3104858,0.005532884039,0.007081447635,0.01165827736
0.005681545008,0.007766330615,0.01165827736,312.5563049,0.005681545008,0.007766330615,0.01165827736
0.006006484851,0.007518115919,0.01165827736,312.0256348,0.006006484851,0.007518115919,0.01165827736
0.005124990363,0.00814546831,0.01165827736,311.9955444,0.005124990363,0.00814546831,0.01165827736
0.005436859559,0.007939773612,0.01165827736,311.308075,0.005436859559,0.007939773612,0.01165827736
0.006282683462,0.007290257141,0.01165827736,311.6277161,0.006282683462,0.007290257141,0.01165827736
-0.004851657432,0.008311687037,0.01165827736,311.3611755,-0.004851657432,0.008311687037,0.01165827736
-0.004520352464,0.008034368046,0.01165827736,313.0399475,-0.004520352464,0.008034368046,0.01165827736
-0.004504594021,0.008504044265,0.01165827736,311.8596191,-0.004504594021,0.008504044265,0.01165827736
-0.004135890864,0.008688814938,0.01165827736,312.263916,-0.004135890864,0.008688814938,0.01165827736
-0.003510344541,0.008541664109,0.01165827736,313.2552795,-0.003510344541,0.008541664109,0.01165827736
-0.003020409262,0.008581681177,0.01165827736,314.022583,-0.003020409262,0.008581681177,0.01165827736
-0.003882061457,0.008805061691,0.01165827736,311.5159912,-0.003882061457,0.008805061691,0.01165827736
-0.003473449498,0.008973951451,0.01165827736,311.9179688,-0.003473449498,0.008973951451,0.01165827736
-0.003051651409,0.009124402888,0.01165827736,312.6069031,-0.003051651409,0.009124402888,0.01165827736
-0.002524773125,0.008596480824,0.01165827736,314.7639771,-0.002524773125,0.008596480824,0.01165827736
-0.002014726633,0.008560121059,0.01165827736,315.7210693,-0.002014726633,0.008560121059,0.01165827736
-0.002654092154,0.009245513007,0.01165827736,312.697876,-0.002654092154,0.009245513007,0.01165827736
-0.002010791795,0.009027255699,0.01165827736,313.5534973,-0.002010791795,0.009027255699,0.01165827736
0.00251907669,0.008598093875,0.01165827736,315.354248,0.00251907669,0.008598093875,0.01165827736
0.002011869568,0.008560794406,0.01165827736,315.7302246,0.002011869568,0.008560794406,0.01165827736
0.003011489054,0.008584300987,0.01165827736,314.2487793,0.003011489054,0.008584300987,0.01165827736
0.002009290038,0.009027886204,0.01165827736,313.1850586,0.002009290038,0.009027886204,0.01165827736
0.002647707472,0.009249572642,0.01165827736,312.7187195,0.002647707472,0.009249572642,0.01165827736
0.00303023681,0.009130666964,0.01165827736,312.4673767,0.00303023681,0.009130666964,0.01165827736
0.003509564325,0.008541840129,0.01165827736,313.377655,0.003509564325,0.008541840129,0.01165827736
0.004135905299,0.008688839152,0.01165827736,312.4610596,0.004135905299,0.008688839152,0.01165827736
0.003473880468,0.008974052966,0.01165827736,311.7566223,0.003473880468,0.008974052966,0.01165827736
0.003849141765,0.008819671348,0.01165827736,311.4787598,0.003849141765,0.008819671348,0.01165827736
0.004519024398,0.008035233244,0.01165827736,312.7586975,0.004519024398,0.008035233244,0.01165827736
0.004504561424,0.00850406196,0.01165827736,311.8549194,0.004504561424,0.00850406196,0.01165827736
0.004852549173,0.008311145939,0.01165827736,311.3668213,0.004852549173,0.008311145939,0.01165827736
-0.001971059013,0.009421410039,0.01165827736,311.966095,-0.001971059013,0.009421410039,0.01165827736
-0.002367814304,0.009333458729,0.01165827736,311.6091919,-0.002367814304,0.009333458729,0.01165827736
-0.001502207946,0.009031994268,0.01165827736,313.3934021,-0.001502207946,0.009031994268,0.01165827736
-0.001494370867,0.009507603012,0.01165827736,312.4564819,-0.001494370867,0.009507603012,0.01165827736
-0.0009994644206,0.009571261704,0.01165827736,312.6547852,-0.0009994644206,0.009571261704,0.01165827736
-0.001000459306,0.009068116546,0.01165827736,314.4051514,-0.001000459306,0.009068116546,0.01165827736
-0.0004999256344,0.009097352624,0.01165827736,314.0370483,-0.0004999256344,0.009097352624,0.01165827736
-0.0004997237702,0.00960972812,0.01165827736,312.7481689,-0.0004997237702,0.00960972812,0.01165827736
7.835723181e-07,0.009622460231,0.01165827736,312.7756042,7.835723181e-07,0.009622460231,0.01165827736
6.155594292e-07,0.00910787005,0.01165827736,314.6038513,6.155594292e-07,0.00910787005,0.01165827736
0.0005011899048,0.009097333066,0.01165827736,314.0526123,0.0005011899048,0.009097333066,0.01165827736
0.0005020298413,0.009609612636,0.01165827736,312.7494507,0.0005020298413,0.009609612636,0.01165827736
0.0009977105074,0.009571415372,0.01165827736,312.6563721,0.0009977105074,0.009571415372,0.01165827736
0.0010001919,0.009068164974,0.01165827736,314.4526978,0.0010001919,0.009068164974,0.01165827736
0.001502407016,0.009032018483,0.01165827736,313.8626709,0.001502407016,0.009032018483,0.01165827736
0.001495926525,0.009507393464,0.01165827736,312.4537354,0.001495926525,0.009507393464,0.01165827736
0.001972451806,0.00942098815,0.01165827736,311.9653931,0.001972451806,0.00942098815,0.01165827736
0.002377283759,0.009329453111,0.01165827736,311.6117249,0.002377283759,0.009329453111,0.01165827736
-0.001503903768,-0.008554434404,0.01165827736,316.9388428,-0.001503903768,-0.008554434404,0.01165827736
-0.001002012054,-0.008569487371,0.01165827736,316.7880554,-0.001002012054,-0.008569487371,0.01165827736
-0.0005010192981,-0.008586124517,0.01165827736,317.4141541,-0.0005010192981,-0.008586124517,0.01165827736
-2.868094953e-07,-0.008592653088,0.01165827736,316.9894104,-2.868094953e-07,-0.008592653088,0.01165827736
0.0005006266292,-0.008586115204,0.01165827736,317.3913879,0.0005006266292,-0.008586115204,0.01165827736
0.001001886791,-0.008569455706,0.01165827736,316.756012,0.001001886791,-0.008569455706,0.01165827736
0.001504058368,-0.008554365486,0.01165827736,316.8444214,0.001504058368,-0.008554365486,0.01165827736
-0.004532214254,-0.007559337188,0.01165827736,315.5626831,-0.004532214254,-0.007559337188,0.01165827736
0.004530639853,-0.007560316939,0.01165827736,316.0840149,0.004530639853,-0.007560316939,0.01165827736
-0.005521312356,-0.00654025143,0.01165827736,317.1270752,-0.005521312356,-0.00654025143,0.01165827736
0.005520426203,-0.006540933624,0.01165827736,317.5726318,0.005520426203,-0.006540933624,0.01165827736
-0.006546094548,-0.005517190788,0.01165827736,317.2459412,-0.006546094548,-0.005517190788,0.01165827736
0.006543496158,-0.005520423874,0.01165827736,317.4615479,0.006543496158,-0.005520423874,0.01165827736
-0.007561447099,-0.004529797938,0.01165827736,315.7304688,-0.007561447099,-0.004529797938,0.01165827736
0.007560561411,-0.004530659411,0.01165827736,315.9420776,0.007560561411,-0.004530659411,0.01165827736
-0.008553498425,-0.001506392495,0.01165827736,316.6177673,-0.008553498425,-0.001506392495,0.01165827736
-0.008569107391,-0.001003387151,0.01165827736,316.965271,-0.008569107391,-0.001003387151,0.01165827736
0.008554086089,-0.001505110529,0.01165827736,316.9365845,0.008554086089,-0.001505110529,0.01165827736
0.008569475263,-0.001002079458,0.01165827736,316.96521,0.008569475263,-0.001002079458,0.01165827736
-0.008586404845,-0.0005015773349,0.01165827736,317.132843,-0.008586404845,-0.0005015773349,0.01165827736
-0.008593317121,-4.260861601e-07,0.01165827736,317.1891479,-0.008593317121,-4.260861601e-07,0.01165827736
0.008586617187,-0.0005005647545,0.01165827736,317.1335144,0.008586617187,-0.0005005647545,0.01165827736
0.008593438193,7.488934557e-07,0.01165827736,317.1858826,0.008593438193,7.488934557e-07,0.01165827736
-0.008586370386,0.0005009842571,0.01165827736,317.1365662,-0.008586370386,0.0005009842571,0.01165827736
-0.008568919264,0.001003416139,0.01165827736,316.9687805,-0.008568919264,0.001003416139,0.01165827736
0.008586432785,0.0005020527169,0.01165827736,317.1296997,0.008586432785,0.0005020527169,0.01165827736
0.008568998426,0.001003851183,0.01165827736,316.960907,0.008568998426,0.001003851183,0.01165827736
-0.008552848361,0.001507871551,0.01165827736,316.625061,-0.008552848361,0.001507871551,0.01165827736
0.008552998304,0.001507893321,0.01165827736,316.6097107,0.008552998304,0.001507893321,0.01165827736
-0.007558879908,0.00453316886,0.01165827736,315.1824036,-0.007558879908,0.00453316886,0.01165827736
0.007563751657,0.004525788594,0.01165827736,316.0913086,0.007563751657,0.004525788594,0.01165827736
-0.006542210001,0.005520686973,0.01165827736,316.8153381,-0.006542210001,0.005520686973,0.01165827736
0.006545195822,0.005514237098,0.01165827736,317.5797119,0.006545195822,0.005514237098,0.01165827736
-0.005522521213,0.006541366689,0.01165827736,316.9159241,-0.005522521213,0.006541366689,0.01165827736
0.005518013146,0.006544862874,0.01165827736,317.4645081,0.005518013146,0.006544862874,0.01165827736
-0.004533699714,0.007558650337,0.01165827736,315.3196106,-0.004533699714,0.007558650337,0.01165827736
0.004529897124,0.007561232895,0.01165827736,315.9409485,0.004529897124,0.007561232895,0.01165827736
-0.001506688539,0.008553722873,0.01165827736,316.3880005,-0.001506688539,0.008553722873,0.01165827736
-0.001002876787,0.008569162339,0.01165827736,316.9626465,-0.001002876787,0.008569162339,0.01165827736
-0.0005009948509,0.008585937321,0.01165827736,317.1296387,-0.0005009948509,0.008585937321,0.01165827736
2.220865696e-07,0.008592508733,0.01165827736,317.1859741,2.220865696e-07,0.008592508733,0.01165827736
0.0005013020127,0.008585979231,0.01165827736,317.1342163,0.0005013020127,0.008585979231,0.01165827736
0.001002477366,0.008569272235,0.01165827736,316.9667358,0.001002477366,0.008569272235,0.01165827736
0.001505630906,0.008553962223,0.01165827736,316.9366455,0.001505630906,0.008553962223,0.01165827736
